[
    {
        "name": "Ancient era",
        "researchAgreementCost": 150,
        "startingSettlerCount": 1, 
        "startingWorkerCount": 0,
        "startingMilitaryUnitCount": 1,
        "startingMilitaryUnit": "Warrior",
        "settlerPopulation": 1,
        "baseUnitBuyCost": 200,
        "embarkDefense": 3,
        "startPercent": 0,
        "uniques": ["May buy [Great Prophet] units for [180] [Faith] [in all cities] at an increasing price ([50])"
        "May not generate great prophet equivalents naturally <for [Human player] Civilizations>",
        ],
        "citySound": "cityAncient",
        "iconRGB": [255, 87, 35]
    },
    {
        "name": "Classical era",
        "researchAgreementCost": 150,
        "startingSettlerCount": 1,
        "startingWorkerCount": 0,
        "startingMilitaryUnitCount": 2,
        "startingMilitaryUnit": "Spearman",
        "startingGold": 10,
        "startingCulture": 100,
        "settlerPopulation": 1,
        "baseUnitBuyCost": 200,
        "embarkDefense": 4,
        "startPercent": 10,
        "citySound": "cityClassical",
        "uniques": [
        "May not generate great prophet equivalents naturally <for [Human player] Civilizations>",
        "May buy [Great Prophet] units for [180] [Faith] [in all cities] at an increasing price ([50])",
        "May buy [Special Great Prophet Project] buildings for [335] [Faith] [in all cities] at an increasing price ([50])"
        "[+20]% maintenance costs <for [Military] units>"
        ],    
        "iconRGB": [233, 31, 99]
    },
    {
        "name": "Medieval era",
        "researchAgreementCost": 250,
        "startingSettlerCount": 2,
        "startingWorkerCount": 1,
        "startingMilitaryUnitCount": 3,
        "startingMilitaryUnit": "Spearman",
        "startingGold": 25,
        "startingCulture": 200,
        "settlerPopulation": 1,
        "settlerBuildings": ["City Level I", "Bonfire", "Kiln", "Granary"],
        "startingObsoleteWonders": ["Stonehenge", "The Great Library", "Temple of Artemis", "The Pyramids", "Mausoleum of Halicarnassus", "Statue of Zeus", "The Oracle"],
        "baseUnitBuyCost": 200,
        "embarkDefense": 6,
        "startPercent": 25,
        "citySound": "cityMedieval",
        "uniques": [
        "May not generate great prophet equivalents naturally <for [Human player] Civilizations>",
        "May buy [Great Prophet] units for [200] [Faith] [in all cities] at an increasing price ([50])", 
        "Every major Civilization gains a spy once a civilization enters this era",
        "[+40]% maintenance costs <for [Military] units>"
        ],        
        "iconRGB": [157, 39, 176]
    },
    {
        "name": "Renaissance era",
        "researchAgreementCost": 250,
        "startingSettlerCount": 2,
        "startingWorkerCount": 1,
        "startingMilitaryUnitCount": 3,
        "startingMilitaryUnit": "Pikeman",
        "startingGold": 50,
        "startingCulture": 300,
        "settlerPopulation": 2,
        "settlerBuildings": ["City Level I", "Bonfire", "Kiln", "Granary", "Library", "Courthouse", "City Level II", "Market", "Aqueduct"],
        "startingObsoleteWonders": ["Stonehenge", "The Great Library", "Temple of Artemis", "The Pyramids", "Mausoleum of Halicarnassus", "Statue of Zeus", "The Oracle", "The Great Lighthouse", "Terracotta Army", "Hanging Gardens", "Great Wall", "Petra", "Colossus", "Machu Picchu", "Hagia Sophia", "Great Mosque of Djenne"],
        "baseUnitBuyCost": 300,
        "embarkDefense": 8,
        "startPercent": 37,
        "citySound": "cityRenaissance",
        "uniques": [
        "May not generate great prophet equivalents naturally <for [Human player] Civilizations>",
        "May buy [Great Prophet] units for [200] [Faith] [in all cities] at an increasing price ([50])",
        "Every major Civilization gains a spy once a civilization enters this era",
        "[-10]% [Faith]",
        "[+60]% maintenance costs <for [Military] units>"
            ],
        "iconRGB": [104, 58, 183]
    },
    {
        "name": "Industrial era",
        "researchAgreementCost": 300,
        "startingSettlerCount": 3,
        "startingWorkerCount": 2,
        "startingMilitaryUnitCount": 5,
        "startingMilitaryUnit": "Musketman",
        "startingGold": 100,
        "startingCulture": 400,
        "settlerPopulation": 3,
        "settlerBuildings": ["City Level I", "Bonfire", "Kiln", "Granary", "Library", "Courthouse", "City Level II", "Market", "Aqueduct", "Colosseum", "Amphitheater"],
        "startingObsoleteWonders": ["Stonehenge", "The Great Library", "Temple of Artemis", "The Pyramids", "Mausoleum of Halicarnassus", "Statue of Zeus", "The Oracle", "The Great Lighthouse", "Terracotta Army", "Hanging Gardens", "Great Wall", "Petra", "Colossus", "Machu Picchu", "Hagia Sophia", "Great Mosque of Djenne", "Chichen Itza", "Angkor Wat", "Alhambra", "Notre Dame"],
        "baseUnitBuyCost": 400,
        "embarkDefense": 10,
        "startPercent": 50,
        "citySound": "cityIndustrial",
        "uniques": ["May not generate great prophet equivalents naturally",
            "May buy [Great Prophet] units for [500] [Faith] [in all cities] at an increasing price ([50])",
            "Every major Civilization gains a spy once a civilization enters this era",
            "[-20]% [Faith]",
            "[+80]% maintenance costs <for [Military] units>"
            ],        
        "iconRGB": [63, 81, 182],
    },
    {
        "name": "Modern era",
        "researchAgreementCost": 350,
        "startingSettlerCount": 3,
        "startingWorkerCount": 2,
        "startingMilitaryUnitCount": 5,
        "startingMilitaryUnit": "Rifleman",
        "startingGold": 200,
        "startingCulture": 500,
        "settlerPopulation": 3,
        "settlerBuildings": ["City Level I", "Bonfire", "Kiln", "Granary", "Library", "Courthouse", "City Level II", "Market", "Aqueduct", "Colosseum", "Amphitheater", "City Level III", "Workshop", "Garden"],
        "startingObsoleteWonders": ["Stonehenge", "The Great Library", "Temple of Artemis", "The Pyramids", "Mausoleum of Halicarnassus", "Statue of Zeus", "The Oracle", "The Great Lighthouse", "Terracotta Army", "Hanging Gardens", "Great Wall", "Petra", "Colossus", "Machu Picchu", "Hagia Sophia", "Great Mosque of Djenne", "Chichen Itza", "Angkor Wat", "Alhambra", "Notre Dame", "Sistine Chapel", "Forbidden Palace", "Leaning Tower of Pisa", "Himeji Castle", "Taj Mahal", "Porcelain Tower", "Kremlin"],
        "baseUnitBuyCost": 600,
        "embarkDefense": 13,
        "startPercent": 65,
        "citySound": "cityModern",
        "uniques": ["May not generate great prophet equivalents naturally",
            "May buy [Great Prophet] units for [1000] [Faith] [in all cities] at an increasing price ([50])", 
            "Every major Civilization gains a spy once a civilization enters this era",
            "[-30]% [Faith]",
            "[+100]% maintenance costs <for [Military] units>"    
            ],        
        "iconRGB": [33, 150, 243],
    },
    {
        "name": "Atomic era",
        "researchAgreementCost": 400,
        "startingSettlerCount": 3,
        "startingWorkerCount": 2,
        "startingMilitaryUnitCount": 5,
        "startingMilitaryUnit": "Great War Infantry",
        "startingGold": 200,
        "startingCulture": 500,
        "settlerPopulation": 4,
        "settlerBuildings": ["City Level I", "Bonfire", "Kiln", "Granary", "Library", "Courthouse", "City Level II", "Market", "Aqueduct", "Colosseum", "Amphitheater", "City Level III", "Workshop", "Garden", "Constabulary"],
        "startingObsoleteWonders": ["Stonehenge", "The Great Library", "Temple of Artemis", "The Pyramids", "Mausoleum of Halicarnassus", "Statue of Zeus", "The Oracle", "The Great Lighthouse", "Terracotta Army", "Hanging Gardens", "Great Wall", "Petra", "Colossus", "Machu Picchu", "Hagia Sophia", "Great Mosque of Djenne", "Chichen Itza", "Angkor Wat", "Alhambra", "Notre Dame", "Sistine Chapel", "Forbidden Palace", "Leaning Tower of Pisa", "Himeji Castle", "Taj Mahal", "Porcelain Tower", "Kremlin"],
        "baseUnitBuyCost": 800,
        "embarkDefense": 16,
        "startPercent": 65,
        "citySound": "cityAtomic",
        "iconRGB": [0, 150, 136],
        "uniques": ["May not generate great prophet equivalents naturally",
            "May buy [Great Prophet] units for [1000] [Faith] [in all cities] at an increasing price ([50])",
            "Every major Civilization gains a spy once a civilization enters this era",
            "[-40]% [Faith]",
            "[+120]% maintenance costs <for [Military] units>"            
            ],
    },
    {
        "name": "Information era",
        "researchAgreementCost": 400,
        "startingSettlerCount": 3,
        "startingWorkerCount": 3,
        "startingMilitaryUnitCount": 5,
        "startingMilitaryUnit": "Infantry",
        "startingGold": 400,
        "startingCulture": 600,
        "settlerPopulation": 5,
        "settlerBuildings": ["City Level I", "Bonfire", "Kiln", "Granary", "Library", "Courthouse", "City Level II", "Market", "Aqueduct", "Colosseum", "Amphitheater", "City Level III", "Workshop", "Garden", "Constabulary", "University"],
        "startingObsoleteWonders": ["Stonehenge", "The Great Library", "Temple of Artemis", "The Pyramids", "Mausoleum of Halicarnassus", "Statue of Zeus", "The Oracle", "The Great Lighthouse", "Terracotta Army", "Hanging Gardens", "Great Wall", "Petra", "Colossus", "Machu Picchu", "Hagia Sophia", "Great Mosque of Djenne", "Chichen Itza", "Angkor Wat", "Alhambra", "Notre Dame", "Sistine Chapel", "Forbidden Palace", "Leaning Tower of Pisa", "Himeji Castle", "Taj Mahal", "Porcelain Tower", "Kremlin"],
        "baseUnitBuyCost": 1000,
        "embarkDefense": 20,
        "startPercent": 80,
        "citySound": "cityInformation",
        "iconRGB": [76, 176, 81],
        "uniques": ["May not generate great prophet equivalents naturally",
            "May buy [Great Prophet] units for [1000] [Faith] [in all cities] at an increasing price ([50])",
            "Every major Civilization gains a spy once a civilization enters this era",
            "[-50]% [Faith]",
            "[+140]% maintenance costs <for [Military] units>"    
            ],
    },
    {
        "name": "Future era",
        "researchAgreementCost": 400,
        "startingSettlerCount": 3,
        "startingWorkerCount": 3,
        "startingMilitaryUnitCount": 5,
        "startingMilitaryUnit": "Infantry",
        "startingGold": 400,
        "startingCulture": 600,
        "settlerPopulation": 5,
        "settlerBuildings": ["City Level I", "Bonfire", "Kiln", "Granary", "Library", "Courthouse", "City Level II", "Market", "Aqueduct", "Colosseum", "Amphitheater", "City Level III", "Workshop", "Garden", "Constabulary", "University"],
        "startingObsoleteWonders": ["Stonehenge", "The Great Library", "Temple of Artemis", "The Pyramids", "Mausoleum of Halicarnassus", "Statue of Zeus", "The Oracle", "The Great Lighthouse", "Terracotta Army", "Hanging Gardens", "Great Wall", "Petra", "Colossus", "Machu Picchu", "Hagia Sophia", "Great Mosque of Djenne", "Chichen Itza", "Angkor Wat", "Alhambra", "Notre Dame", "Sistine Chapel", "Forbidden Palace", "Leaning Tower of Pisa", "Himeji Castle", "Taj Mahal", "Porcelain Tower", "Kremlin"],
        "baseUnitBuyCost": 1000,
        "embarkDefense": 25,
        "startPercent": 80,
        "citySound": "cityFuture",
        "iconRGB": [76, 176, 81],
        "uniques": ["May not generate great prophet equivalents naturally",
            "May buy [Great Prophet] units for [1000] [Faith] [in all cities] at an increasing price ([50])",
            "Every major Civilization gains a spy once a civilization enters this era"
            "[-60]% [Faith]"
            "[+160]% maintenance costs <for [Military] units>"        
            ],
    }
]
