[
    /*
意愿类型: 
1. 产能
2. 食物
3. 金钱
4. 科研
5. 文化
6. 快乐
7. 信仰
8. 军事
9. 侵略性
10. 宣战意愿
11. 贸易
12. 外交
13. 忠诚
14. 扩张

基础数值：5
数值范围：[0，10]
基于ua、ub、uu、ul以及文明历史偏好在基础数值上进行增减

其中：
文化+扩张＜12
信仰+科研＜12
产能+食物＜12

低于5-1，高于5+1
最后进行加权平均，总数为75

在政策树方面，制度采取算数平均加现实政策（1），政策采用加权平均

1. 小数采取5以下向下取整，5以上向上取整
2. ～w = 10-w

意愿参数：
奴隶：文化、信仰、军事
封建：文化、信仰、扩张、军事
资本：文化、金钱、贸易、侵略性、科技
独裁：文化、军事、侵略性、宣战意愿、扩张
自由：文化、金钱、贸易、～宣战意愿
社会：文化、快乐、产能、～侵略性

战争：0.3军事、0.3侵略性、0.2宣战意愿、0.2扩张
宗教：0.5信仰、0.2侵略性、0.2～科技、0.1扩张、
商业：0.4金钱、0.4贸易、0.2外交
外交：0.5外交、0.3贸易、0.2～宣战意愿
工业：0.5产能、0.2军事、0.2贸易、0.1～粮食
理性：0.5科技、0.3产能、0.1军事、0.1～信仰

最后进行加权平均，各板块总数为35
    {
        "name": "base",
        "production": 5,
        "food": 5,
        "gold": 5,
        "science": 5,
        "culture": 5,
        "happiness": 5,
        "faith": 5,
        "military": 5,
        "aggressive": 5,
        "declareWar": 5,
        "commerce": 5,
        "diplomacy": 5,
        "loyal": 5,
        "expansion": 5,
        
        "priorities": {
            "Tradition": 5,
            "Feudalism1": 5,
            "Liberty": 5,
            "Autocracy": 5,
            "Freedom": 5,
            "Order": 5,
            
            "Honor": 5,
            "Piety": 5,
            "Commerce": 5,
            "Patronage": 5,
            "Industrial": 5,
            "Rationalism": 5
        }
    }
            
      */
{
    "name": "base",
    "production": 5,
    "food": 5,
    "gold": 5,
    "science": 5,
    "culture": 5,
    "happiness": 5,
    "faith": 5,
    "military": 7,
    "aggressive": 7,
    "declareWar": 7,
    "commerce": 8,
    "diplomacy": 8,
    "loyal": 6,
    "expansion": 7,
        
    "priorities": {
        "Tradition": 5,
        "Feudalism1": 5,
        "Liberty": 5,
        "Autocracy": 5,
        "Freedom": 5,
        "Order": 5,
            
        "Honor": 5,
        "Piety": 5,
        "Commerce": 5,
        "Patronage": 5,
        "Industrial": 5,
        "Rationalism": 5
    }
},
{
	"name": "Iran",
	"production": 5,
	"food": 4,
	"gold": 6,
	"science": 4,
	"culture": 4,
	"happiness": 10,
	"faith": 4,
	"military": 6,
	"aggressive": 6,
	"declareWar": 6,
	"commerce": 4,
	"diplomacy": 6,
	"loyal": 4,
	"expansion": 6,
	"priorities": {
		"Tradition": 5,
		"Feudalism1": 6,
		"Liberty": 4,
		"Autocracy": 8,
		"Freedom": 3,
		"Order": 10,

		"Honor": 6,
		"Piety": 0,
		"Commerce": 6,
		"Patronage": 6,
		"Industrial": 6,
		"Rationalism": 0
	}
},
{
	"name": "Arabia",
	"production": 5,
	"food": 5,
	"gold": 6,
	"science": 7,
	"culture": 5,
	"happiness": 5,
	"faith": 9,
	"military": 5,
	"aggressive": 7,
	"declareWar": 5,
	"commerce": 6,
	"diplomacy": 5,
	"loyal": 5,
	"expansion": 5,
	"priorities": {
		"Tradition": 9,
		"Feudalism1": 7,
		"Liberty": 8,
		"Autocracy": 4,
		"Freedom": 5,
		"Order": 2,

		"Honor": 2,
		"Piety": 9,
		"Commerce": 4,
		"Patronage": 2,
		"Industrial": 2,
		"Rationalism": 5
	}
},
{
	"name": "Mongolia",
	"production": 6,
	"food": 5,
	"gold": 6,
	"science": 5,
	"culture": 5,
	"happiness": 5,
	"faith": 5,
	"military": 6,
	"aggressive": 6,
	"declareWar": 6,
	"commerce": 5,
	"diplomacy": 5,
	"loyal": 5,
	"expansion": 7,
	"priorities": {
		"Tradition": 4,
		"Feudalism1": 8,
		"Liberty": 5,
		"Autocracy": 10,
		"Freedom": 4,
		"Order": 4,

		"Honor": 3,
		"Piety": 3,
		"Commerce": 3,
		"Patronage": 3,
		"Industrial": 10,
		"Rationalism": 3
	}
},
{
	"name": "India",
	"production": 5,
	"food": 6,
	"gold": 6,
	"science": 5,
	"culture": 8,
	"happiness": 6,
	"faith": 5,
	"military": 5,
	"aggressive": 5,
	"declareWar": 4,
	"commerce": 5,
	"diplomacy": 6,
	"loyal": 6,
	"expansion": 2,
	"priorities": {
		"Tradition": 8,
		"Feudalism1": 3,
		"Liberty": 4,
		"Autocracy": 3,
		"Freedom": 8,
		"Order": 8,

		"Honor": 0,
		"Piety": 3,
		"Commerce": 7,
		"Patronage": 7,
		"Industrial": 3,
		"Rationalism": 3
	}
},
{
	"name": "China",
	"production": 7,
	"food": 5,
	"gold": 5,
	"science": 6,
	"culture": 8,
	"happiness": 7,
	"faith": 5,
	"military": 6,
	"aggressive": 7,
	"declareWar": 5,
	"commerce": 5,
	"diplomacy": 5,
	"loyal": 5,
	"expansion": 5,
	"priorities": {
		"Tradition": 5,
		"Feudalism1": 5,
		"Liberty": 5,
		"Autocracy": 6,
		"Freedom": 3,
		"Order": 10,

		"Honor": 2,
		"Piety": 2,
		"Commerce": 2,
		"Patronage": 2,
		"Industrial": 9,
		"Rationalism": 6
	}
},
{
	"name": "Korea",
	"production": 7,
	"food": 5,
	"gold": 5,
	"science": 9,
	"culture": 6,
	"happiness": 5,
	"faith": 5,
	"military": 6,
	"aggressive": 6,
	"declareWar": 5,
	"commerce": 5,
	"diplomacy": 5,
	"loyal": 5,
	"expansion": 3,
	"priorities": {
		"Tradition": 6,
		"Feudalism1": 3,
		"Liberty": 10,
		"Autocracy": 6,
		"Freedom": 3,
		"Order": 8,

		"Honor": 1,
		"Piety": 3,
		"Commerce": 3,
		"Patronage": 3,
		"Industrial": 6,
		"Rationalism": 9
	}
},
{
	"name": "Babylon",
	"production": 6,
	"food": 5,
	"gold": 5,
	"science": 8,
	"culture": 5,
	"happiness": 5,
	"faith": 5,
	"military": 6,
	"aggressive": 5,
	"declareWar": 4,
	"commerce": 5,
	"diplomacy": 5,
	"loyal": 5,
	"expansion": 6,
	"priorities": {
		"Tradition": 6,
		"Feudalism1": 8,
		"Liberty": 9,
		"Autocracy": 3,
		"Freedom": 3,
		"Order": 6,

		"Honor": 1,
		"Piety": 3,
		"Commerce": 3,
		"Patronage": 3,
		"Industrial": 5,
		"Rationalism": 9
	}
},
{
	"name": "Afghanistan",
	"production": 6,
	"food": 6,
	"gold": 5,
	"science": 6,
	"culture": 6,
	"happiness": 5,
	"faith": 6,
	"military": 6,
	"aggressive": 5,
	"declareWar": 5,
	"commerce": 5,
	"diplomacy": 5,
	"loyal": 5,
	"expansion": 5,
	"priorities": {
		"Tradition": 9,
		"Feudalism1": 9,
		"Liberty": 4,
		"Autocracy": 5,
		"Freedom": 3,
		"Order": 6,

		"Honor": 1,
		"Piety": 7,
		"Commerce": 1,
		"Patronage": 1,
		"Industrial": 7,
		"Rationalism": 7
	}
},
{
	"name": "Vietnam",
	"production": 7,
	"food": 6,
	"gold": 5,
	"science": 5,
	"culture": 5,
	"happiness": 5,
	"faith": 5,
	"military": 6,
	"aggressive": 6,
	"declareWar": 6,
	"commerce": 5,
	"diplomacy": 5,
	"loyal": 4,
	"expansion": 6,
	"priorities": {
		"Tradition": 5,
		"Feudalism1": 7,
		"Liberty": 4,
		"Autocracy": 9,
		"Freedom": 2,
		"Order": 8,

		"Honor": 3,
		"Piety": 3,
		"Commerce": 3,
		"Patronage": 3,
		"Industrial": 10,
		"Rationalism": 3
	}
},
{
	"name": "Palestine",
	"production": 7,
	"food": 5,
	"gold": 7,
	"science": 6,
	"culture": 6,
	"happiness": 5,
	"faith": 7,
	"military": 7,
	"aggressive": 6,
	"declareWar": 5,
	"commerce": 5,
	"diplomacy": 5,
	"loyal": 5,
	"expansion": 4,
	"priorities": {
		"Tradition": 10,
		"Feudalism1": 7,
		"Liberty": 4,
		"Autocracy": 4,
		"Freedom": 4,
		"Order": 4,

		"Honor": 1,
		"Piety": 7,
		"Commerce": 4,
		"Patronage": 1,
		"Industrial": 7,
		"Rationalism": 4
	}
},
{
	"name": "Siam",
	"production": 6,
	"food": 5,
	"gold": 5,
	"science": 5,
	"culture": 8,
	"happiness": 5,
	"faith": 5,
	"military": 6,
	"aggressive": 6,
	"declareWar": 5,
	"commerce": 5,
	"diplomacy": 5,
	"loyal": 5,
	"expansion": 3,
	"priorities": {
		"Tradition": 9,
		"Feudalism1": 5,
		"Liberty": 2,
		"Autocracy": 8,
		"Freedom": 5,
		"Order": 9,

		"Honor": 3,
		"Piety": 3,
		"Commerce": 3,
		"Patronage": 3,
		"Industrial": 10,
		"Rationalism": 3
	}
},
{
	"name": "Singapore",
	"production": 6,
	"food": 5,
	"gold": 10,
	"science": 8,
	"culture": 5,
	"happiness": 5,
	"faith": 5,
	"military": 5,
	"aggressive": 5,
	"declareWar": 4,
	"commerce": 7,
	"diplomacy": 6,
	"loyal": 6,
	"expansion": 5,
	"priorities": {
		"Tradition": 4,
		"Feudalism1": 4,
		"Liberty": 9,
		"Autocracy": 3,
		"Freedom": 10,
		"Order": 5,

		"Honor": 0,
		"Piety": 2,
		"Commerce": 6,
		"Patronage": 4,
		"Industrial": 4,
		"Rationalism": 8
	}
},
{
	"name": "Lydia",
	"production": 6,
	"food": 5,
	"gold": 8,
	"science": 5,
	"culture": 5,
	"happiness": 5,
	"faith": 5,
	"military": 5,
	"aggressive": 6,
	"declareWar": 5,
	"commerce": 6,
	"diplomacy": 5,
	"loyal": 5,
	"expansion": 6,
	"priorities": {
		"Tradition": 3,
		"Feudalism1": 5,
		"Liberty": 9,
		"Autocracy": 5,
		"Freedom": 10,
		"Order": 5,

		"Honor": 2,
		"Piety": 2,
		"Commerce": 8,
		"Patronage": 2,
		"Industrial": 8,
		"Rationalism": 2
	}
},
{
	"name": "Tubo",
	"production": 6,
	"food": 7,
	"gold": 5,
	"science": 5,
	"culture": 6,
	"happiness": 5,
	"faith": 7,
	"military": 6,
	"aggressive": 6,
	"declareWar": 5,
	"commerce": 5,
	"diplomacy": 5,
	"loyal": 5,
	"expansion": 4,
	"priorities": {
		"Tradition": 10,
		"Feudalism1": 8,
		"Liberty": 3,
		"Autocracy": 6,
		"Freedom": 3,
		"Order": 5,

		"Honor": 2,
		"Piety": 9,
		"Commerce": 2,
		"Patronage": 2,
		"Industrial": 6,
		"Rationalism": 2
	}
},
{
	"name": "Greece",
	"production": 5,
	"food": 5,
	"gold": 5,
	"science": 7,
	"culture": 8,
	"happiness": 6,
	"faith": 5,
	"military": 5,
	"aggressive": 7,
	"declareWar": 5,
	"commerce": 5,
	"diplomacy": 6,
	"loyal": 6,
	"expansion": 3,
	"priorities": {
		"Tradition": 7,
		"Feudalism1": 3,
		"Liberty": 8,
		"Autocracy": 9,
		"Freedom": 3,
		"Order": 7,

		"Honor": 2,
		"Piety": 2,
		"Commerce": 2,
		"Patronage": 6,
		"Industrial": 2,
		"Rationalism": 9
	}
},
{
	"name": "Macedonia",
	"production": 6,
	"food": 5,
	"gold": 6,
	"science": 5,
	"culture": 5,
	"happiness": 5,
	"faith": 5,
	"military": 6,
	"aggressive": 8,
	"declareWar": 7,
	"commerce": 5,
	"diplomacy": 5,
	"loyal": 5,
	"expansion": 9,
	"priorities": {
		"Tradition": 5,
		"Feudalism1": 8,
		"Liberty": 6,
		"Autocracy": 10,
		"Freedom": 3,
		"Order": 3,

		"Honor": 8,
		"Piety": 5,
		"Commerce": 2,
		"Patronage": 2,
		"Industrial": 5,
		"Rationalism": 2
	}
},
{
	"name": "France",
	"production": 5,
	"food": 5,
	"gold": 8,
	"science": 5,
	"culture": 8,
	"happiness": 7,
	"faith": 5,
	"military": 5,
	"aggressive": 6,
	"declareWar": 6,
	"commerce": 6,
	"diplomacy": 5,
	"loyal": 5,
	"expansion": 7,
	"priorities": {
		"Tradition": 3,
		"Feudalism1": 8,
		"Liberty": 4,
		"Autocracy": 5,
		"Freedom": 10,
		"Order": 7,

		"Honor": 3,
		"Piety": 3,
		"Commerce": 10,
		"Patronage": 3,
		"Industrial": 3,
		"Rationalism": 3
	}
},
{
	"name": "Turkey",
	"production": 7,
	"food": 5,
	"gold": 6,
	"science": 6,
	"culture": 6,
	"happiness": 5,
	"faith": 9,
	"military": 5,
	"aggressive": 7,
	"declareWar": 5,
	"commerce": 5,
	"diplomacy": 5,
	"loyal": 5,
	"expansion": 5,
	"priorities": {
		"Tradition": 10,
		"Feudalism1": 9,
		"Liberty": 5,
		"Autocracy": 4,
		"Freedom": 3,
		"Order": 5,

		"Honor": 2,
		"Piety": 9,
		"Commerce": 2,
		"Patronage": 2,
		"Industrial": 5,
		"Rationalism": 4
	}
},
{
	"name": "Russia",
	"production": 9,
	"food": 7,
	"gold": 6,
	"science": 6,
	"culture": 6,
	"happiness": 6,
	"faith": 8,
	"military": 6,
	"aggressive": 5,
	"declareWar": 5,
	"commerce": 5,
	"diplomacy": 5,
	"loyal": 5,
	"expansion": 5,
	"priorities": {
		"Tradition": 7,
		"Feudalism1": 7,
		"Liberty": 4,
		"Autocracy": 3,
		"Freedom": 4,
		"Order": 10,

		"Honor": 0,
		"Piety": 6,
		"Commerce": 2,
		"Patronage": 2,
		"Industrial": 8,
		"Rationalism": 6
	}
},
{
	"name": "Byzantium",
	"production": 5,
	"food": 5,
	"gold": 5,
	"science": 5,
	"culture": 5,
	"happiness": 6,
	"faith": 9,
	"military": 5,
	"aggressive": 7,
	"declareWar": 5,
	"commerce": 5,
	"diplomacy": 5,
	"loyal": 5,
	"expansion": 5,
	"priorities": {
		"Tradition": 10,
		"Feudalism1": 8,
		"Liberty": 5,
		"Autocracy": 6,
		"Freedom": 3,
		"Order": 4,

		"Honor": 3,
		"Piety": 10,
		"Commerce": 3,
		"Patronage": 3,
		"Industrial": 3,
		"Rationalism": 3
	}
},
{
	"name": "Rome",
	"production": 8,
	"food": 5,
	"gold": 5,
	"science": 5,
	"culture": 7,
	"happiness": 5,
	"faith": 5,
	"military": 7,
	"aggressive": 6,
	"declareWar": 5,
	"commerce": 5,
	"diplomacy": 5,
	"loyal": 5,
	"expansion": 6,
	"priorities": {
		"Tradition": 7,
		"Feudalism1": 8,
		"Liberty": 2,
		"Autocracy": 7,
		"Freedom": 3,
		"Order": 9,

		"Honor": 2,
		"Piety": 2,
		"Commerce": 2,
		"Patronage": 2,
		"Industrial": 9,
		"Rationalism": 5
	}
},
{
	"name": "England",
	"production": 6,
	"food": 5,
	"gold": 6,
	"science": 5,
	"culture": 6,
	"happiness": 8,
	"faith": 5,
	"military": 6,
	"aggressive": 5,
	"declareWar": 5,
	"commerce": 5,
	"diplomacy": 5,
	"loyal": 5,
	"expansion": 7,
	"priorities": {
		"Tradition": 5,
		"Feudalism1": 7,
		"Liberty": 3,
		"Autocracy": 5,
		"Freedom": 5,
		"Order": 10,

		"Honor": 3,
		"Piety": 3,
		"Commerce": 3,
		"Patronage": 3,
		"Industrial": 10,
		"Rationalism": 3
	}
},
{
	"name": "Serbia",
	"production": 5,
	"food": 5,
	"gold": 7,
	"science": 5,
	"culture": 6,
	"happiness": 5,
	"faith": 5,
	"military": 6,
	"aggressive": 7,
	"declareWar": 5,
	"commerce": 5,
	"diplomacy": 7,
	"loyal": 6,
	"expansion": 4,
	"priorities": {
		"Tradition": 7,
		"Feudalism1": 5,
		"Liberty": 7,
		"Autocracy": 9,
		"Freedom": 7,
		"Order": 1,

		"Honor": 2,
		"Piety": 2,
		"Commerce": 8,
		"Patronage": 8,
		"Industrial": 2,
		"Rationalism": 2
	}
},
{
	"name": "Germany",
	"production": 9,
	"food": 5,
	"gold": 5,
	"science": 7,
	"culture": 6,
	"happiness": 5,
	"faith": 5,
	"military": 7,
	"aggressive": 7,
	"declareWar": 6,
	"commerce": 5,
	"diplomacy": 5,
	"loyal": 5,
	"expansion": 5,
	"priorities": {
		"Tradition": 4,
		"Feudalism1": 5,
		"Liberty": 6,
		"Autocracy": 8,
		"Freedom": 2,
		"Order": 10,

		"Honor": 2,
		"Piety": 2,
		"Commerce": 2,
		"Patronage": 2,
		"Industrial": 8,
		"Rationalism": 6
	}
},
{
	"name": "Spain",
	"production": 6,
	"food": 6,
	"gold": 7,
	"science": 6,
	"culture": 5,
	"happiness": 6,
	"faith": 6,
	"military": 6,
	"aggressive": 6,
	"declareWar": 5,
	"commerce": 5,
	"diplomacy": 5,
	"loyal": 5,
	"expansion": 9,
	"priorities": {
		"Tradition": 5,
		"Feudalism1": 10,
		"Liberty": 6,
		"Autocracy": 3,
		"Freedom": 5,
		"Order": 5,

		"Honor": 0,
		"Piety": 6,
		"Commerce": 6,
		"Patronage": 0,
		"Industrial": 6,
		"Rationalism": 6
	}
},
{
	"name": "Finland",
	"production": 7,
	"food": 6,
	"gold": 9,
	"science": 5,
	"culture": 7,
	"happiness": 5,
	"faith": 5,
	"military": 5,
	"aggressive": 4,
	"declareWar": 4,
	"commerce": 6,
	"diplomacy": 5,
	"loyal": 5,
	"expansion": 6,
	"priorities": {
		"Tradition": 4,
		"Feudalism1": 6,
		"Liberty": 6,
		"Autocracy": 2,
		"Freedom": 10,
		"Order": 7,

		"Honor": 1,
		"Piety": 3,
		"Commerce": 7,
		"Patronage": 3,
		"Industrial": 7,
		"Rationalism": 3
	}
},
{
	"name": "Soviet Union",
	"production": 8,
	"food": 5,
	"gold": 5,
	"science": 5,
	"culture": 6,
	"happiness": 6,
	"faith": 5,
	"military": 8,
	"aggressive": 6,
	"declareWar": 5,
	"commerce": 5,
	"diplomacy": 8,
	"loyal": 6,
	"expansion": 5,
	"priorities": {
		"Tradition": 7,
		"Feudalism1": 7,
		"Liberty": 3,
		"Autocracy": 7,
		"Freedom": 2,
		"Order": 9,

		"Honor": 1,
		"Piety": 1,
		"Commerce": 4,
		"Patronage": 6,
		"Industrial": 8,
		"Rationalism": 4
	}
},
{
	"name": "Poland",
	"production": 6,
	"food": 5,
	"gold": 6,
	"science": 5,
	"culture": 6,
	"happiness": 5,
	"faith": 6,
	"military": 6,
	"aggressive": 5,
	"declareWar": 5,
	"commerce": 5,
	"diplomacy": 5,
	"loyal": 5,
	"expansion": 8,
	"priorities": {
		"Tradition": 7,
		"Feudalism1": 10,
		"Liberty": 3,
		"Autocracy": 4,
		"Freedom": 5,
		"Order": 5,

		"Honor": 2,
		"Piety": 8,
		"Commerce": 2,
		"Patronage": 2,
		"Industrial": 8,
		"Rationalism": 2
	}
},
{
	"name": "Vatican",
	"production": 6,
	"food": 6,
	"gold": 5,
	"science": 5,
	"culture": 6,
	"happiness": 5,
	"faith": 10,
	"military": 6,
	"aggressive": 4,
	"declareWar": 3,
	"commerce": 5,
	"diplomacy": 7,
	"loyal": 6,
	"expansion": 4,
	"priorities": {
		"Tradition": 10,
		"Feudalism1": 9,
		"Liberty": 4,
		"Autocracy": 3,
		"Freedom": 5,
		"Order": 6,

		"Honor": 1,
		"Piety": 9,
		"Commerce": 3,
		"Patronage": 4,
		"Industrial": 4,
		"Rationalism": 3
	}
},
{
	"name": "Celts",
	"production": 5,
	"food": 5,
	"gold": 5,
	"science": 5,
	"culture": 6,
	"happiness": 6,
	"faith": 7,
	"military": 5,
	"aggressive": 4,
	"declareWar": 5,
	"commerce": 5,
	"diplomacy": 5,
	"loyal": 5,
	"expansion": 5,
	"priorities": {
		"Tradition": 9,
		"Feudalism1": 9,
		"Liberty": 2,
		"Autocracy": 4,
		"Freedom": 5,
		"Order": 7,

		"Honor": 0,
		"Piety": 8,
		"Commerce": 4,
		"Patronage": 4,
		"Industrial": 4,
		"Rationalism": 4
	}
},
{
	"name": "Denmark",
	"production": 5,
	"food": 5,
	"gold": 7,
	"science": 6,
	"culture": 7,
	"happiness": 5,
	"faith": 5,
	"military": 5,
	"aggressive": 8,
	"declareWar": 8,
	"commerce": 5,
	"diplomacy": 5,
	"loyal": 5,
	"expansion": 5,
	"priorities": {
		"Tradition": 4,
		"Feudalism1": 4,
		"Liberty": 8,
		"Autocracy": 10,
		"Freedom": 7,
		"Order": 4,

		"Honor": 6,
		"Piety": 6,
		"Commerce": 6,
		"Patronage": 0,
		"Industrial": 0,
		"Rationalism": 6
	}
},
{
	"name": "The Netherlands",
	"production": 7,
	"food": 8,
	"gold": 7,
	"science": 7,
	"culture": 7,
	"happiness": 6,
	"faith": 5,
	"military": 5,
	"aggressive": 5,
	"declareWar": 3,
	"commerce": 7,
	"diplomacy": 8,
	"loyal": 6,
	"expansion": 4,
	"priorities": {
		"Tradition": 5,
		"Feudalism1": 4,
		"Liberty": 8,
		"Autocracy": 2,
		"Freedom": 9,
		"Order": 8,

		"Honor": 0,
		"Piety": 2,
		"Commerce": 5,
		"Patronage": 7,
		"Industrial": 5,
		"Rationalism": 5
	}
},
{
	"name": "Sweden",
	"production": 7,
	"food": 5,
	"gold": 5,
	"science": 5,
	"culture": 6,
	"happiness": 5,
	"faith": 5,
	"military": 6,
	"aggressive": 7,
	"declareWar": 5,
	"commerce": 5,
	"diplomacy": 7,
	"loyal": 7,
	"expansion": 7,
	"priorities": {
		"Tradition": 5,
		"Feudalism1": 8,
		"Liberty": 4,
		"Autocracy": 8,
		"Freedom": 2,
		"Order": 8,

		"Honor": 2,
		"Piety": 2,
		"Commerce": 2,
		"Patronage": 6,
		"Industrial": 9,
		"Rationalism": 2
	}
},
{
	"name": "Scotland",
	"production": 5,
	"food": 5,
	"gold": 6,
	"science": 5,
	"culture": 7,
	"happiness": 8,
	"faith": 5,
	"military": 5,
	"aggressive": 5,
	"declareWar": 5,
	"commerce": 5,
	"diplomacy": 5,
	"loyal": 5,
	"expansion": 5,
	"priorities": {
		"Tradition": 6,
		"Feudalism1": 6,
		"Liberty": 3,
		"Autocracy": 4,
		"Freedom": 6,
		"Order": 10,

		"Honor": 4,
		"Piety": 4,
		"Commerce": 4,
		"Patronage": 4,
		"Industrial": 4,
		"Rationalism": 4
	}
},
{
	"name": "Inca",
	"production": 6,
	"food": 7,
	"gold": 5,
	"science": 5,
	"culture": 6,
	"happiness": 5,
	"faith": 6,
	"military": 6,
	"aggressive": 5,
	"declareWar": 5,
	"commerce": 5,
	"diplomacy": 5,
	"loyal": 5,
	"expansion": 5,
	"priorities": {
		"Tradition": 9,
		"Feudalism1": 9,
		"Liberty": 3,
		"Autocracy": 5,
		"Freedom": 4,
		"Order": 6,

		"Honor": 2,
		"Piety": 8,
		"Commerce": 2,
		"Patronage": 2,
		"Industrial": 8,
		"Rationalism": 2
	}
},
{
	"name": "Aztecs",
	"production": 5,
	"food": 6,
	"gold": 6,
	"science": 5,
	"culture": 6,
	"happiness": 6,
	"faith": 5,
	"military": 5,
	"aggressive": 8,
	"declareWar": 6,
	"commerce": 5,
	"diplomacy": 5,
	"loyal": 5,
	"expansion": 5,
	"priorities": {
		"Tradition": 2,
		"Feudalism1": 4,
		"Liberty": 9,
		"Autocracy": 9,
		"Freedom": 6,
		"Order": 6,

		"Honor": 3,
		"Piety": 10,
		"Commerce": 3,
		"Patronage": 3,
		"Industrial": 3,
		"Rationalism": 3
	}
},
{
	"name": "The Maya",
	"production": 8,
	"food": 5,
	"gold": 7,
	"science": 8,
	"culture": 7,
	"happiness": 5,
	"faith": 7,
	"military": 6,
	"aggressive": 5,
	"declareWar": 5,
	"commerce": 5,
	"diplomacy": 5,
	"loyal": 5,
	"expansion": 4,
	"priorities": {
		"Tradition": 9,
		"Feudalism1": 5,
		"Liberty": 6,
		"Autocracy": 1,
		"Freedom": 6,
		"Order": 9,

		"Honor": 0,
		"Piety": 5,
		"Commerce": 3,
		"Patronage": 2,
		"Industrial": 7,
		"Rationalism": 7
	}
},
{
	"name": "Columbia",
	"production": 6,
	"food": 5,
	"gold": 5,
	"science": 5,
	"culture": 6,
	"happiness": 6,
	"faith": 5,
	"military": 5,
	"aggressive": 8,
	"declareWar": 6,
	"commerce": 5,
	"diplomacy": 5,
	"loyal": 5,
	"expansion": 8,
	"priorities": {
		"Tradition": 3,
		"Feudalism1": 8,
		"Liberty": 6,
		"Autocracy": 9,
		"Freedom": 3,
		"Order": 8,

		"Honor": 7,
		"Piety": 7,
		"Commerce": 1,
		"Patronage": 1,
		"Industrial": 7,
		"Rationalism": 1
	}
},
{
	"name": "Brazil",
	"production": 5,
	"food": 5,
	"gold": 6,
	"science": 5,
	"culture": 8,
	"happiness": 6,
	"faith": 5,
	"military": 5,
	"aggressive": 5,
	"declareWar": 5,
	"commerce": 5,
	"diplomacy": 5,
	"loyal": 5,
	"expansion": 5,
	"priorities": {
		"Tradition": 8,
		"Feudalism1": 7,
		"Liberty": 1,
		"Autocracy": 4,
		"Freedom": 8,
		"Order": 8,

		"Honor": 4,
		"Piety": 4,
		"Commerce": 4,
		"Patronage": 4,
		"Industrial": 4,
		"Rationalism": 4
	}
},
{
	"name": "Cuba",
	"production": 6,
	"food": 5,
	"gold": 6,
	"science": 5,
	"culture": 7,
	"happiness": 5,
	"faith": 5,
	"military": 6,
	"aggressive": 3,
	"declareWar": 4,
	"commerce": 5,
	"diplomacy": 5,
	"loyal": 5,
	"expansion": 4,
	"priorities": {
		"Tradition": 9,
		"Feudalism1": 7,
		"Liberty": 2,
		"Autocracy": 4,
		"Freedom": 7,
		"Order": 7,

		"Honor": 0,
		"Piety": 4,
		"Commerce": 4,
		"Patronage": 4,
		"Industrial": 8,
		"Rationalism": 4
	}
},
{
	"name": "America",
	"production": 7,
	"food": 5,
	"gold": 8,
	"science": 7,
	"culture": 7,
	"happiness": 5,
	"faith": 5,
	"military": 7,
	"aggressive": 5,
	"declareWar": 5,
	"commerce": 6,
	"diplomacy": 5,
	"loyal": 5,
	"expansion": 4,
	"priorities": {
		"Tradition": 6,
		"Feudalism1": 3,
		"Liberty": 7,
		"Autocracy": 3,
		"Freedom": 10,
		"Order": 6,

		"Honor": 2,
		"Piety": 2,
		"Commerce": 4,
		"Patronage": 2,
		"Industrial": 7,
		"Rationalism": 7
	}
},
{
	"name": "Argentina",
	"production": 5,
	"food": 8,
	"gold": 5,
	"science": 5,
	"culture": 5,
	"happiness": 5,
	"faith": 5,
	"military": 5,
	"aggressive": 6,
	"declareWar": 5,
	"commerce": 5,
	"diplomacy": 5,
	"loyal": 5,
	"expansion": 5,
	"priorities": {
		"Tradition": 8,
		"Feudalism1": 7,
		"Liberty": 6,
		"Autocracy": 10,
		"Freedom": 3,
		"Order": 3,

		"Honor": 4,
		"Piety": 4,
		"Commerce": 4,
		"Patronage": 4,
		"Industrial": 4,
		"Rationalism": 4
	}
},
{
	"name": "Iroquois",
	"production": 7,
	"food": 5,
	"gold": 5,
	"science": 5,
	"culture": 5,
	"happiness": 5,
	"faith": 5,
	"military": 7,
	"aggressive": 5,
	"declareWar": 5,
	"commerce": 5,
	"diplomacy": 5,
	"loyal": 5,
	"expansion": 6,
	"priorities": {
		"Tradition": 7,
		"Feudalism1": 8,
		"Liberty": 2,
		"Autocracy": 8,
		"Freedom": 2,
		"Order": 7,

		"Honor": 3,
		"Piety": 3,
		"Commerce": 3,
		"Patronage": 3,
		"Industrial": 10,
		"Rationalism": 3
	}
},
{
	"name": "Chile",
	"production": 5,
	"food": 5,
	"gold": 6,
	"science": 5,
	"culture": 9,
	"happiness": 5,
	"faith": 5,
	"military": 5,
	"aggressive": 5,
	"declareWar": 5,
	"commerce": 6,
	"diplomacy": 5,
	"loyal": 5,
	"expansion": 3,
	"priorities": {
		"Tradition": 6,
		"Feudalism1": 4,
		"Liberty": 5,
		"Autocracy": 4,
		"Freedom": 10,
		"Order": 6,

		"Honor": 0,
		"Piety": 4,
		"Commerce": 8,
		"Patronage": 4,
		"Industrial": 4,
		"Rationalism": 4
	}
},
{
	"name": "Burkina Faso",
	"production": 5,
	"food": 10,
	"gold": 7,
	"science": 6,
	"culture": 5,
	"happiness": 6,
	"faith": 5,
	"military": 5,
	"aggressive": 6,
	"declareWar": 5,
	"commerce": 5,
	"diplomacy": 5,
	"loyal": 5,
	"expansion": 5,
	"priorities": {
		"Tradition": 3,
		"Feudalism1": 3,
		"Liberty": 10,
		"Autocracy": 5,
		"Freedom": 9,
		"Order": 6,

		"Honor": 0,
		"Piety": 3,
		"Commerce": 7,
		"Patronage": 3,
		"Industrial": 3,
		"Rationalism": 7
	}
},
{
	"name": "Egypt",
	"production": 6,
	"food": 6,
	"gold": 6,
	"science": 5,
	"culture": 5,
	"happiness": 5,
	"faith": 5,
	"military": 5,
	"aggressive": 6,
	"declareWar": 5,
	"commerce": 5,
	"diplomacy": 6,
	"loyal": 6,
	"expansion": 6,
	"priorities": {
		"Tradition": 1,
		"Feudalism1": 6,
		"Liberty": 9,
		"Autocracy": 6,
		"Freedom": 7,
		"Order": 7,

		"Honor": 1,
		"Piety": 1,
		"Commerce": 7,
		"Patronage": 7,
		"Industrial": 7,
		"Rationalism": 1
	}
},
{
	"name": "Benin",
	"production": 7,
	"food": 7,
	"gold": 6,
	"science": 6,
	"culture": 6,
	"happiness": 6,
	"faith": 6,
	"military": 6,
	"aggressive": 6,
	"declareWar": 5,
	"commerce": 5,
	"diplomacy": 5,
	"loyal": 5,
	"expansion": 4,
	"priorities": {
		"Tradition": 7,
		"Feudalism1": 5,
		"Liberty": 5,
		"Autocracy": 5,
		"Freedom": 4,
		"Order": 10,

		"Honor": 2,
		"Piety": 5,
		"Commerce": 2,
		"Patronage": 2,
		"Industrial": 8,
		"Rationalism": 5
	}
},
{
	"name": "Carthage",
	"production": 6,
	"food": 5,
	"gold": 7,
	"science": 6,
	"culture": 5,
	"happiness": 5,
	"faith": 5,
	"military": 6,
	"aggressive": 6,
	"declareWar": 5,
	"commerce": 5,
	"diplomacy": 5,
	"loyal": 5,
	"expansion": 7,
	"priorities": {
		"Tradition": 3,
		"Feudalism1": 8,
		"Liberty": 9,
		"Autocracy": 5,
		"Freedom": 7,
		"Order": 3,

		"Honor": 1,
		"Piety": 1,
		"Commerce": 7,
		"Patronage": 1,
		"Industrial": 7,
		"Rationalism": 7
	}
},
{
	"name": "Ethiopia",
	"production": 5,
	"food": 5,
	"gold": 5,
	"science": 5,
	"culture": 5,
	"happiness": 5,
	"faith": 6,
	"military": 5,
	"aggressive": 6,
	"declareWar": 6,
	"commerce": 5,
	"diplomacy": 6,
	"loyal": 6,
	"expansion": 7,
	"priorities": {
		"Tradition": 7,
		"Feudalism1": 10,
		"Liberty": 4,
		"Autocracy": 8,
		"Freedom": 3,
		"Order": 3,

		"Honor": 2,
		"Piety": 8,
		"Commerce": 2,
		"Patronage": 8,
		"Industrial": 2,
		"Rationalism": 2
	}
},
{
	"name": "Zulu",
	"production": 5,
	"food": 5,
	"gold": 6,
	"science": 6,
	"culture": 5,
	"happiness": 5,
	"faith": 5,
	"military": 5,
	"aggressive": 7,
	"declareWar": 7,
	"commerce": 5,
	"diplomacy": 5,
	"loyal": 5,
	"expansion": 5,
	"priorities": {
		"Tradition": 5,
		"Feudalism1": 5,
		"Liberty": 7,
		"Autocracy": 10,
		"Freedom": 5,
		"Order": 3,

		"Honor": 3,
		"Piety": 3,
		"Commerce": 3,
		"Patronage": 3,
		"Industrial": 3,
		"Rationalism": 10
	}
},
{
	"name": "Songhai",
	"production": 5,
	"food": 5,
	"gold": 5,
	"science": 5,
	"culture": 10,
	"happiness": 5,
	"faith": 5,
	"military": 6,
	"aggressive": 5,
	"declareWar": 6,
	"commerce": 5,
	"diplomacy": 5,
	"loyal": 5,
	"expansion": 3,
	"priorities": {
		"Tradition": 9,
		"Feudalism1": 6,
		"Liberty": 2,
		"Autocracy": 9,
		"Freedom": 5,
		"Order": 5,

		"Honor": 4,
		"Piety": 4,
		"Commerce": 4,
		"Patronage": 4,
		"Industrial": 4,
		"Rationalism": 4
	}
},
{
	"name": "The Huns",
	"production": 7,
	"food": 5,
	"gold": 6,
	"science": 6,
	"culture": 5,
	"happiness": 5,
	"faith": 5,
	"military": 7,
	"aggressive": 9,
	"declareWar": 7,
	"commerce": 5,
	"diplomacy": 5,
	"loyal": 5,
	"expansion": 7,
	"priorities": {
		"Tradition": 5,
		"Feudalism1": 6,
		"Liberty": 7,
		"Autocracy": 10,
		"Freedom": 3,
		"Order": 5,

		"Honor": 7,
		"Piety": 4,
		"Commerce": 1,
		"Patronage": 1,
		"Industrial": 7,
		"Rationalism": 4
	}
},
{
	"name": "Scythian",
	"production": 6,
	"food": 5,
	"gold": 6,
	"science": 5,
	"culture": 5,
	"happiness": 5,
	"faith": 5,
	"military": 7,
	"aggressive": 6,
	"declareWar": 5,
	"commerce": 5,
	"diplomacy": 5,
	"loyal": 5,
	"expansion": 5,
	"priorities": {
		"Tradition": 9,
		"Feudalism1": 7,
		"Liberty": 4,
		"Autocracy": 9,
		"Freedom": 3,
		"Order": 3,

		"Honor": 3,
		"Piety": 3,
		"Commerce": 3,
		"Patronage": 3,
		"Industrial": 10,
		"Rationalism": 3
	}
},
{
	"name": "Polynesia",
	"production": 5,
	"food": 7,
	"gold": 5,
	"science": 5,
	"culture": 8,
	"happiness": 5,
	"faith": 5,
	"military": 5,
	"aggressive": 5,
	"declareWar": 5,
	"commerce": 5,
	"diplomacy": 5,
	"loyal": 5,
	"expansion": 6,
	"priorities": {
		"Tradition": 8,
		"Feudalism1": 10,
		"Liberty": 2,
		"Autocracy": 5,
		"Freedom": 5,
		"Order": 5,

		"Honor": 4,
		"Piety": 4,
		"Commerce": 4,
		"Patronage": 4,
		"Industrial": 4,
		"Rationalism": 4
	}
},
{
	"name": "Indonesia",
	"production": 5,
	"food": 6,
	"gold": 5,
	"science": 5,
	"culture": 6,
	"happiness": 5,
	"faith": 5,
	"military": 5,
	"aggressive": 6,
	"declareWar": 5,
	"commerce": 5,
	"diplomacy": 7,
	"loyal": 6,
	"expansion": 4,
	"priorities": {
		"Tradition": 5,
		"Feudalism1": 2,
		"Liberty": 7,
		"Autocracy": 10,
		"Freedom": 5,
		"Order": 5,

		"Honor": 0,
		"Piety": 4,
		"Commerce": 4,
		"Patronage": 8,
		"Industrial": 4,
		"Rationalism": 4
	}
},
{
	"name": "Turk",
	"production": 6,
	"food": 5,
	"gold": 5,
	"science": 6,
	"culture": 5,
	"happiness": 5,
	"faith": 5,
	"military": 5,
	"aggressive": 9,
	"declareWar": 6,
	"commerce": 5,
	"diplomacy": 5,
	"loyal": 5,
	"expansion": 5,
	"priorities": {
		"Tradition": 4,
		"Feudalism1": 4,
		"Liberty": 9,
		"Autocracy": 9,
		"Freedom": 4,
		"Order": 6,

		"Honor": 1,
		"Piety": 7,
		"Commerce": 1,
		"Patronage": 1,
		"Industrial": 7,
		"Rationalism": 7
	}
},
{
	"name": "Australia",
	"production": 5,
	"food": 5,
	"gold": 5,
	"science": 5,
	"culture": 6,
	"happiness": 5,
	"faith": 5,
	"military": 5,
	"aggressive": 5,
	"declareWar": 5,
	"commerce": 5,
	"diplomacy": 5,
	"loyal": 5,
	"expansion": 10,
	"priorities": {
		"Tradition": 5,
		"Feudalism1": 10,
		"Liberty": 4,
		"Autocracy": 5,
		"Freedom": 5,
		"Order": 5,

		"Honor": 4,
		"Piety": 4,
		"Commerce": 4,
		"Patronage": 4,
		"Industrial": 4,
		"Rationalism": 4
	}
},
{
	"name": "Portugal",
	"production": 5,
	"food": 5,
	"gold": 8,
	"science": 5,
	"culture": 5,
	"happiness": 5,
	"faith": 7,
	"military": 5,
	"aggressive": 5,
	"declareWar": 5,
	"commerce": 6,
	"diplomacy": 6,
	"loyal": 5,
	"expansion": 5,
	"priorities": {
		"Tradition": 7,
		"Feudalism1": 7,
		"Liberty": 9,
		"Autocracy": 4,
		"Freedom": 8,
		"Order": 2,

		"Honor": 3,
		"Piety": 7,
		"Commerce": 7,
		"Patronage": 3,
		"Industrial": 3,
		"Rationalism": 3
	}
},
{
	"name": "Austria",
	"production": 5,
	"food": 5,
	"gold": 5,
	"science": 5,
	"culture": 7,
	"happiness": 5,
	"faith": 5,
	"military": 7,
	"aggressive": 6,
	"declareWar": 6,
	"commerce": 5,
	"diplomacy": 8,
	"loyal": 7,
	"expansion": 10,
	"priorities": {
		"Tradition": 5,
		"Feudalism1": 10,
		"Liberty": 4,
		"Autocracy": 7,
		"Freedom": 5,
		"Order": 5,

		"Honor": 6,
		"Piety": 4,
		"Commerce": 4,
		"Patronage": 5,
		"Industrial": 4,
		"Rationalism": 4
	}
}
]