[
	{
		"columnNumber": 0,
		"era": "Ancient era",
		"techCost": 20,
		"buildingCost": 35,
		"wonderCost": 180,
		"techs": [
			{
				"name": "Drill Wood to Make Fire",
				"row": 5,
				"quote": "",
				"uniques": ["Starting tech","Enables Open Borders agreements", "Enables Defensive Pacts"]
			}
		]
	},
	{
		"columnNumber": 1,
		"era": "Ancient era",
		"techCost": 25,
		"buildingCost": 45,
		"wonderCost": 180,
		"techs": [
			{
				"name": "Belief Worship",
				"row": 3,
				"prerequisites": ["Drill Wood to Make Fire"],
				"quote": ""
			},
			{
				"name": "Agriculture",
				"row": 5,
				"prerequisites": ["Drill Wood to Make Fire"],
				"quote": ""
			},
			{
				"name": "Mining",
				"row": 6,
				"prerequisites": ["Drill Wood to Make Fire"],
				"quote": ""
			},
			{
				"name": "Trapping",
				"row": 7,
				"prerequisites": ["Drill Wood to Make Fire"],
				"quote": ""	
			}
		]
	},
	{
		"columnNumber": 2,
		"era": "Ancient era",
		"techCost": 35,
		"buildingCost": 60,
		"wonderCost": 180,
		"techs": [
			{
				"name": "Burial Custom",
				"row": 2,
				"prerequisites": ["Belief Worship"],
				"quote": ""
			},
			{
				"name": "Writing",
				"row": 3,
				"prerequisites": ["Belief Worship"],
				"quote": ""
			},
			{
				"name": "Sailing",
				"row": 4,
				"prerequisites": ["Agriculture"],
				"quote": ""
			},
			{
				"name": "Animal Husbandry",
				"row": 5,
				"prerequisites": ["Agriculture"],
				"quote": ""
			},
			{
				"name": "Pottery",
				"row": 7,
				"prerequisites": ["Mining","Trapping"],
				"quote": ""	
			}
		]	
	},
	{
		"columnNumber": 3,
		"era": "Ancient era",
		"techCost": 60,
		"buildingCost": 75,
		"wonderCost": 180,
		"techs": [
			{
				"name": "Art",
				"row": 2,
				"prerequisites": ["Burial Custom"],
				"quote": ""
			},
			{
				"name": "Calendar",
				"row": 3,
				"prerequisites": ["Writing"],
				"quote": ""
			},
			{
				"name": "The Wheel",
				"row": 5,
				"prerequisites": ["Animal Husbandry"],
				"quote": ""
			},
			{
				"name": "Masonry",
				"row": 6,
				"prerequisites": ["Pottery"],
				"quote": ""
			},
			{
				"name": "Bronze Working",
				"row": 7,
				"prerequisites": ["Pottery"],
				"quote": ""	
			}
		]		
	},
	{
		"columnNumber": 4,
		"era": "Classical era",
		"techCost": 85,
		"buildingCost": 100,
		"wonderCost": 250,
		"techs": [
			{
				"name": "Theology",
				"row": 2,
				"prerequisites": ["Art"],
				"uniques": ["Enables conversion of city production to [Faith]"],
				"quote": ""
			},
			{
				"name": "Optics",
				"row": 4,
				"prerequisites": ["Sailing"],
				"uniques": ["Enables embarkation for land units"],	
				"quote": ""	
			},
			{
				"name": "Horseback Riding",
				"row": 5,
				"prerequisites": ["The Wheel"],
				"quote": ""
			},
			{
				"name": "Iron Working",
				"row": 7,
				"prerequisites": ["Bronze Working"],
				"quote": ""	
			}
		]			
	},
	{
		"columnNumber": 5,
		"era": "Classical era",
		"techCost": 120,
		"buildingCost": 105,
		"wonderCost": 250,
		"techs": [
			{
				"name": "Nation",
				"row": 3,
				"prerequisites": ["Theology","Calendar"],
				"uniques":["Enables Research agreements", "Triggers a [Establishing Country] event"],
				"quote": ""
			},
			{
				"name": "Currency",
				"row": 5,
				"prerequisites": ["Horseback Riding"],
				"quote": ""
			},
			{
				"name": "Engineering",
				"row": 6,
				"prerequisites": ["Horseback Riding","Masonry"],
				"uniques": ["Roads connect tiles across rivers"],
				"quote": ""
			},
			{
				"name": "Army Formation",
				"row": 7,
				"prerequisites": ["Iron Working"],
				"uniques":["Free [Great General] appears <if no other Civilization has researched this>",
				]	
				"quote": ""
			}
		]			
	},
	{
		"columnNumber": 6,
		"era": "Classical era",
		"techCost": 140,
		"buildingCost": 115,
		"wonderCost": 250,
		"techs": [
			{
				"name": "Politics",
				"row": 2,
				"prerequisites": ["Nation"],
			    "uniques":[
		"Comment [Free Social Policy]", "Free Social Policy <for [non-[Chile]] Civilizations> <hidden from users>", "[1] free [Great Artist] units appear <for [Chile] Civilizations> <hidden from users>",	    
		"[-10]% Culture cost of adopting new Policies",
		]
				"quote": ""
			},
			{
				"name": "Drama and Poetry",
				"row": 3,
				"prerequisites": ["Nation"],
				"quote": ""
			},
			{
				"name": "Compass",
				"row": 4,
				"prerequisites": ["Optics", "Currency"],
				"uniques": ["Enables [Embarked] units to enter ocean tiles"]
				"quote": ""
			},
			{
				"name": "Guilds",
				"row": 5,
				"prerequisites": ["Currency","Engineering"],
				"uniques": ["Enables conversion of city production to [Gold]"],
				"quote": ""
			},
			{
				"name": "Defensive Fortification",
				"row": 7,
				"prerequisites": ["Engineering","Army Formation"],
				"quote": ""
			}
		]		
	},
	{
		"columnNumber": 7,
		"era": "Medieval era",
		"techCost": 248,
		"buildingCost": 120,
		"wonderCost": 300,
		"techs": [
			{
				"name": "Machinery",
				"row": 5,
				"uniques": ["Improves movement speed on roads"],
				"prerequisites": ["Guilds"],
				"quote": ""
			},
			{
				"name": "Steel",
				"row": 6,
				"prerequisites": ["Defensive Fortification"],
				"quote": ""
			}
		]				
	},
	{
		"columnNumber": 8,
		"era": "Medieval era",
		"techCost": 349,
		"buildingCost": 150,
		"wonderCost": 375,
		"techs": [
			{
				"name": "Education",
				"row": 3,
				"prerequisites": ["Politics","Drama and Poetry","Compass"],
				"uniques": ["Enables conversion of city production to [Science]"],
				"quote": ""
			},
			{
				"name": "Agricultural Improvement",
				"row": 5,
				"prerequisites": ["Machinery"],
				"quote": ""
			},
			{
				"name": "Chivalry",
				"row": 7,
				"prerequisites": ["Defensive Fortification"],
				"quote": ""
			}
		]						
	},
	{
		"columnNumber": 9,
		"era": "Medieval era",
		"techCost": 453,
		"buildingCost": 170,
		"wonderCost": 425,
		"techs": [
			{
				"name": "Civil Service",
				"row": 2,
				"prerequisites": ["Education"],
				"uniques":["[+15]% [Culture] [in all cities]"]
				"quote": ""
			},
			{
				"name": "Astronomy",
				"row": 4,
				"prerequisites": ["Education"],
				"uniques": ["[+1] Movement <for [Embarked] units>"],
				"quote": ""
			},
			{
				"name": "Archery",
				"row": 6,
				"prerequisites": ["Agricultural Improvement","Chivalry","Steel"],
				"uniques": ["[-25]% Gold cost of upgrading <for [Military] units>",
				"Earn [10]% of killed [Military] unit's [Cost] as [Gold]"]
				"quote": ""
			}
		]					
	},
	{
		"columnNumber": 10,
		"era": "Renaissance era",
		"techCost": 1000,
		"buildingCost": 270,
		"wonderCost": 675,
		"techs": [
			{
				"name": "The Renaissance",
				"row": 2,
				"prerequisites": ["Civil Service"],
				"quote": ""
			},
			{
				"name": "Chemistry",
				"row": 6,
				"prerequisites": ["Archery"],
				"quote": ""
			}
		]					
	},
	{
		"columnNumber": 11,
		"era": "Renaissance era",
		"techCost": 924,
		"buildingCost": 290,
		"wonderCost": 725,
		"techs": [
			{
				"name": "Architecture",
				"row": 2,
				"prerequisites": ["The Renaissance"],
				"quote": ""
			},
			{
				"name": "Printing Press",
				"row": 3,
				"prerequisites": ["The Renaissance"],
				"quote": ""	
			},
			{
				"name": "Navigation",
				"row": 4,
				"prerequisites": ["Astronomy"],
				"quote": ""
			},
			{
				"name": "Metal Casting",
				"row": 5,
				"prerequisites": ["Chemistry"],
				"quote": ""
			},
			{
				"name": "Gunpowder",
				"row": 7,
				"prerequisites": ["Chemistry"],
				"quote": ""
			}
		]			
	},
	{
		"columnNumber": 12,
		"era": "Renaissance era",
		"techCost": 1037,
		"buildingCost": 320,
		"wonderCost": 800,
		"techs": [
			{
				"name": "Enlightenment",
				"row": 2,
				"prerequisites": ["Printing Press","Architecture"],
				"quote": ""
			},
			{
				"name": "Economics",
				"row": 4,
				"prerequisites": ["Printing Press","Navigation"],
				"quote": ""
			},
			{
				"name": "Metallurgy",
				"row": 5,
				"prerequisites": ["Metal Casting"],
				"quote": ""		
			},
			{
				"name": "Fertilizer",
				"row": 6,
				"prerequisites": ["Chemistry"],
				"quote": ""
			}
		]			
	},
	{
		"columnNumber": 13,
		"era": "Industrial era",
		"techCost": 1328,
		"buildingCost": 455,
		"wonderCost": 1140,
		"techs": [
			{
				"name": "Scientific Theory",
				"row": 3,
				"prerequisites": ["Enlightenment"],
				"quote": ""
			},
			{
				"name": "Steam Power",
				"row": 5,
				"prerequisites": ["Metallurgy"],
				"uniques": ["[+1] Movement <for [Embarked] units>"],
				"quote": ""
			},
			{
				"name": "Military Science",
				"row": 6,
				"prerequisites": ["Metallurgy","Fertilizer"],
				"quote": ""		
			},
			{
				"name": "Rifling",
				"row": 7,
				"prerequisites": ["Gunpowder"],
				"quote": ""
			}
		]				
	},
	{
		"columnNumber": 14,
		"era": "Industrial era",
		"techCost": 1639,
		"buildingCost": 535,
		"wonderCost": 1340,
		"techs": [
			{
				"name": "Archaeology",
				"row": 2,
				"prerequisites": ["Scientific Theory"],
				"uniques": ["Enables conversion of city production to [Culture]"],
				"quote": ""
			},
			{
				"name": "Industrialization",
				"row": 4,
				"prerequisites": ["Scientific Theory","Economics","Steam Power"],
				"quote": ""
			},
			{
				"name": "Dynamite",
				"row": 7,
				"prerequisites": ["Military Science","Rifling"],
				"quote": ""		
			}
		]		
	},
	{
		"columnNumber": 15,
		"era": "Industrial era",
		"techCost":1872,
		"buildingCost": 590,
		"wonderCost": 1475,
		"techs": [
			{
				"name": "Biology",
				"row": 2,
				"prerequisites": ["Archaeology"],
				"quote": ""
			},
			{
				"name": "Construction",
				"row": 4,
				"prerequisites": ["Industrialization"],
				"uniques":["[+1 Production] from all [Production] buildings"]
				"quote": ""
			},
			{
				"name": "Railroads",
				"row": 7,
				"prerequisites": ["Industrialization","Dynamite"],
				"quote": ""		
			}
		]			
	},
	{
		"columnNumber": 16,
		"era": "Modern era",
		"techCost": 2645,
		"buildingCost": 680,
		"wonderCost": 1700,
		"techs": [
			{
				"name": "Electricity",
				"row": 2,
				"prerequisites": ["Biology","Construction"],
				"quote": ""
			},
			{
				"name": "Replaceable Parts",
				"row": 4,
				"prerequisites": ["Construction"],
				"quote": ""
			}
		]					
	},
	{
		"columnNumber": 17,
		"era": "Modern era",
		"techCost": 3024,
		"buildingCost": 735,
		"wonderCost": 1840,
		"techs": [
			{
				"name": "Radio",
				"row": 3,
				"prerequisites": ["Replaceable Parts","Electricity"],
				"quote": ""
			},
			{
				"name": "Flight",
				"row": 6,
				"prerequisites": ["Replaceable Parts"],
				"quote": ""		
			},
			{
				"name": "Combustion",
				"row": 7,
				"prerequisites": ["Railroads"],
				"quote": ""
			}
		]				
	},
	{
		"columnNumber": 18,
		"era": "Modern era",
		"techCost": 3400,
		"buildingCost": 840,
		"wonderCost": 2100,
		"techs": [
			{
				"name": "Electronics",
				"row": 3,
				"prerequisites": ["Radio"],
				"quote": ""
			},
			{
				"name": "Plastics",
				"row": 4,
				"prerequisites": ["Replaceable Parts"],
				"quote": ""
			},
			{
				"name": "Ballistics",
				"row": 5,
				"prerequisites": ["Flight"],
				"quote": ""		
			},
			{
				"name": "Globalization",
				"row": 7,
				"prerequisites": ["Flight","Combustion"],
				"quote": ""
			}
		]					
	},
	{
		"columnNumber": 19,
		"era": "Atomic era",
		"techCost": 4160,
		"buildingCost": 945,
		"wonderCost": 2360,
		"techs": [
			{
				"name": "Atomic Theory",
				"row": 2,
				"prerequisites": ["Electronics"],
				"quote": ""
			},
			{
				"name": "Materials Science",
				"row": 4,
				"prerequisites": ["Electronics","Plastics"],
				"quote": ""
			},
			{
				"name": "Radar",
				"row": 5,
				"prerequisites": ["Ballistics"],
				"quote": ""		
			},
			{
				"name": "Combined Arms",
				"row": 7,
				"prerequisites": ["Globalization"],
				"quote": ""
			}
		]
	},
	{
		"columnNumber": 20,
		"era": "Atomic era",
		"techCost": 5290,
		"buildingCost": 1050,
		"wonderCost": 2625,
		"techs": [
			{
				"name": "Ecology",
				"row": 2,
				"prerequisites": ["Atomic Theory"],
				"quote": ""
			},
			{
				"name": "Nuclear Fission",
				"row": 3,
				"prerequisites": ["Atomic Theory","Materials Science"],
				"quote": ""
			},
			{
				"name": "Computers",
				"row": 5,
				"prerequisites": ["Radar","Materials Science"],
				"quote": ""		
			}
		]
	},
	{
		"columnNumber": 21,
		"era": "Atomic era",
		"techCost": 5670,
		"buildingCost": 1100,
		"wonderCost": 2750,
		"techs": [
			{
				"name": "Pharmaceuticals",
				"row": 2,
				"prerequisites": ["Ecology"],
				"quote": ""
			},
			{
				"name": "Rocketry",
				"row": 5,
				"prerequisites": ["Computers"],
				"quote": ""
			},
			{
				"name": "Telecommunications",
				"row": 7,
				"prerequisites": ["Combined Arms"],
				"quote": ""		
			}
		]				
	},
	{
		"columnNumber": 22,
		"era": "Information era",
		"techCost": 6425,
		"buildingCost": 1365,
		"wonderCost": 3410,
		"techs": [
			{
				"name": "Advanced Ballistics",
				"row": 3,
				"prerequisites": ["Nuclear Fission","Rocketry","Pharmaceuticals"],
				"quote": ""
			},
			{
				"name": "Robotics",
				"row": 5,
				"prerequisites": ["Telecommunications","Rocketry"],
				"quote": ""
			},
			{
				"name": "Internetwork",
				"row": 7,
				"prerequisites": ["Telecommunications"],
				"quote": ""		
			}
		]					
	},
	{
		"columnNumber": 23,
		"era": "Information era",
		"techCost": 6800,
		"buildingCost": 1470,
		"wonderCost": 3675,
		"techs": [
			{
				"name": "Nanotechnology",
				"row": 2,
				"prerequisites": ["Advanced Ballistics",],
				"quote": ""
			},
			{
				"name": "Particle Physics",
				"row": 3,
				"prerequisites": ["Advanced Ballistics","Robotics"],
				"quote": ""
			},
			{
				"name": "Satellites",
				"row": 5,
				"prerequisites": ["Advanced Ballistics","Robotics"],
				"uniques": ["Reveals the entire map"],
				"quote": ""
			},
			{
				"name": "Mobile Tactics",
				"row": 7,
				"prerequisites": ["Internetwork","Robotics"],
				"quote": ""		
			}
		]		
	},
	{
		"columnNumber": 24,
		"era": "Information era",
		"techCost": 7560,
		"buildingCost": 1680,
		"wonderCost": 4200,
		"techs": [
			{
				"name": "Nuclear Fusion",
				"row": 2,
				"prerequisites": ["Particle Physics","Nanotechnology"],
				"quote": ""
			},
			{
				"name": "Artificial Intelligence",
				"row": 4,
				"prerequisites": ["Satellites","Particle Physics"],
				"quote": ""
			},
			{
				"name": "Stealth",
				"row": 7,
				"prerequisites": ["Mobile Tactics","Satellites"],
				"quote": ""		
			}
		]			
	},
	{
		"columnNumber": 25,
		"era": "Future era",
		"techCost": 10000,
		"buildingCost": 750,
		"wonderCost": 1250,
		"techs": [
			{
				"name": "Future Tech",
				"row": 4,
				"prerequisites": ["Nuclear Fusion","Artificial Intelligence","Stealth"],
				"uniques": ["Who knows what the future holds?", "Can be continually researched"],
				"quote": "",
			}
		]
	}
]
