[
	// Base terrains
	{
		"name": "Ocean",
		"type": "Water",
		"gold": 2,
		"movementCost": 1,
		"RGB": [43, 87, 151]
	},
	{
		"name": "Coast",
		"type": "Water",
		"food": 1,
		"gold": 2,
		"movementCost": 1,
		"RGB": [70, 138, 216],
		"uniques": ["[+2] to Fertility for Map Generation",
            "Considered [Desirable] when determining start locations <on water maps>",
            "Every [60] tiles with this terrain will receive a major deposit of a strategic resource."]
	},
	{
		"name": "Grassland",
		"type": "Land",
		"food": 2,
		"movementCost": 1,
        "RGB": [0, 163, 0],
        "uniques": ["Occurs at temperature between [-0.4] and [0.1] and humidity between [0.2] and [0.4]",
            "Nullifies all other stats this tile provides <in [Colony] tiles>", "[-2 Food] <in [Colony] tiles>",
            "Occurs at temperature between [0.1] and [0.2] and humidity between [0.3] and [0.4]",
            "Occurs at temperature between [-0.5] and [0.5] and humidity between [0.6] and [0.8]",
            "Occurs at temperature between [-0.5] and [1] and humidity between [0.9] and [1]",
            "Occurs at temperature between [0.9] and [1] and humidity between [0.2] and [1]",
            "Occurs at temperature between [0.8] and [0.9] and humidity between [0.6] and [1]",
            "Occurs at temperature between [0.7] and [0.8] and humidity between [0.7] and [1]",
            "Occurs at temperature between [0.6] and [0.8] and humidity between [0.4] and [0.6]",
            "[+3] to Fertility for Map Generation",
            "A Region is formed with at least [30]% [Grassland] tiles, with priority [7]",
            "A Region can not contain more [Plains] tiles than [Grassland] tiles",
            "Considered [Desirable] when determining start locations",
            "Considered [Food] when determining start locations <in [Jungle] Regions>",
            "Considered [Food] when determining start locations <in [Forest] Regions>",
            "Considered [Food] when determining start locations <in [Hill] Regions>",
            "Considered [Food] when determining start locations <in [Grassland] Regions>",
            "Considered [Food] when determining start locations <in [Hybrid] Regions>",
	        "Becomes [Volcanic Soil] when adjacent to [Volcano]",                        "Every [33] tiles with this terrain will receive a major deposit of a strategic resource."]
    },
	{
		"name": "Plains",
		"type": "Land",
		"food": 1,
		"production": 1,
		"movementCost": 1,
		"RGB": [153, 180, 51],
		"uniques": ["Occurs at temperature between [-0.4] and [-0.1] and humidity between [0] and [0.2]",
		    "Nullifies all other stats this tile provides <in [Colony] tiles>", "[-1 Food, -1 Production] <in [Colony] tiles>",
            "Occurs at temperature between [-0.4] and [0.4] and humidity between [0.4] and [0.6]",
            "Occurs at temperature between [0.4] and [0.5] and humidity between [0.5] and [0.6]",
            "Occurs at temperature between [-0.6] and [0.7] and humidity between [0.8] and [0.9]",
            "Occurs at temperature between [-0.6] and [-0.5] and humidity between [0.9] and [1]",
            "Occurs at temperature between [0.9] and [1] and humidity between [0] and [0.2]",
            "Occurs at temperature between [0.8] and [0.9] and humidity between [0.2] and [0.6]",
            "Occurs at temperature between [0.7] and [0.8] and humidity between [0.3] and [0.4]",
            "Occurs at temperature between [0.6] and [0.8] and humidity between [0.6] and [0.7]",
            "Occurs at temperature between [0.5] and [0.7] and humidity between [0.7] and [0.8]",
            "[+4] to Fertility for Map Generation",
            "A Region is formed with at least [30]% [Plains] tiles, with priority [6]",
            "A Region can not contain more [Grassland] tiles than [Plains] tiles",
            "Considered [Desirable] when determining start locations",
            "Considered [Food] when determining start locations <in [Tundra] Regions>",
            "Considered [Food] when determining start locations <in [Desert] Regions>",
            "Considered [Food] when determining start locations <in [Hill] Regions>",
            "Considered [Food] when determining start locations <in [Plains] Regions>",
            "Considered [Food] when determining start locations <in [Hybrid] Regions>",
        	"Becomes [Volcanic Soil] when adjacent to [Volcano]",    
            "Every [33] tiles with this terrain will receive a major deposit of a strategic resource."]
	},
	{
		"name": "Tundra",
		"type": "Land",
		"food": 1,
		"movementCost": 1,
		"RGB": [30, 113, 69],
		"uniques": ["Occurs at temperature between [-0.9] and [-0.6] and humidity between [0.8] and [1]",
		    "Nullifies all other stats this tile provides <in [Colony] tiles>", "[-1 Food] <in [Colony] tiles>",
            "Occurs at temperature between [-0.8] and [-0.5] and humidity between [0.6] and [0.8]",
            "Occurs at temperature between [-0.7] and [-0.4] and humidity between [0.4] and [0.6]",
            "Occurs at temperature between [-0.6] and [-0.4] and humidity between [0.2] and [0.4]",
            "Occurs at temperature between [-0.5] and [-0.4] and humidity between [0] and [0.2]",
            "[+2] to Fertility for Map Generation",
            "A Region is formed with at least [30]% [Tundra] tiles and [Snow] tiles, with priority [1]",
            "Considered [Food] when determining start locations <in [Tundra] Regions>",
            "Considered [Desirable] when determining start locations <in [Tundra] Regions>",
            "Becomes [Plains] when adjacent to [River]",
        	"Becomes [Volcanic Soil] when adjacent to [Volcano]",    
            "Every [16] tiles with this terrain will receive a major deposit of a strategic resource."]
	},
	{
		"name": "Desert",
		"type": "Land",
		"movementCost": 1,
		"RGB": [230, 172, 0],
		"uniques": ["Occurs at temperature between [-0.1] and [0.9] and humidity between [0] and [0.2]",
		    "Nullifies all other stats this tile provides <in [Colony] tiles>",
            "Occurs at temperature between [0.1] and [0.8] and humidity between [0.2] and [0.3]",
            "Occurs at temperature between [0.2] and [0.7] and humidity between [0.3] and [0.4]",
            "Occurs at temperature between [0.4] and [0.6] and humidity between [0.4] and [0.5]",
            "Occurs at temperature between [0.5] and [0.6] and humidity between [0.5] and [0.7]",
            "[+1] to Fertility for Map Generation",
            "A Region is formed with at least [25]% [Desert] tiles, with priority [4]",
            "Becomes [Flood plains] when adjacent to [River]",
            "Considered [Undesirable] when determining start locations <in all except [Desert] Regions>",
        	"Becomes [Volcanic Soil] when adjacent to [Volcano]",    
            "Every [13] tiles with this terrain will receive a major deposit of a strategic resource."]
	},
	{
		"name": "Lakes",
		"type": "Water",
		"food": 3,
		"gold": 1,
		"RGB": [0, 171, 169],
		"uniques": ["Fresh water",
					"Considered [Food] when determining start locations",
					"Considered [Desirable] when determining start locations"]
	},
	{
		"name": "Mountain",
		"type": "Land",
		"impassable": true,
		"defenceBonus": 0.15,
		"RGB": [102, 102, 102],
		"uniques": ["Rough terrain",
            "Has an elevation of [2] for visibility calculations",
            "Occurs in chains at high elevations",
            "Units ending their turn on this terrain take [50] damage",
            "Always Fertility [-2] for Map Generation",
            "Considered [Undesirable] when determining start locations"]
	},
	{
		"name": "Snow",
		"type": "Land",
		"movementCost": 2,
		"RGB": [230, 238, 255], //Darker229, 229, 255
		"uniques": [
		    "Nullifies all other stats this tile provides <in [Colony] tiles>",
		    "Has an elevation of [1] for visibility calculations",
            "Occurs at temperature between [-1] and [-0.9] and humidity between [0] and [1]",
            "Occurs at temperature between [-0.9] and [-0.8] and humidity between [0] and [0.8]",
            "Occurs at temperature between [-0.8] and [-0.7] and humidity between [0] and [0.6]",
            "Occurs at temperature between [-0.7] and [-0.6] and humidity between [0] and [0.4]",
            "Occurs at temperature between [-0.6] and [-0.5] and humidity between [0] and [0.2]",
            "Always Fertility [-1] for Map Generation",
            "Considered [Undesirable] when determining start locations",
            "Becomes [Tundra] when adjacent to [River]",
            "Every [17] tiles with this terrain will receive a major deposit of a strategic resource."]
	},

	// Terrain features
	{
		"name": "Hill",
		"type": "TerrainFeature",
		"production": 2,
		"movementCost": 2,
		"overrideStats": true,
		"defenceBonus": 0.15,
		"RGB": [105,125,72],
		"occursOn": ["Tundra","Plains","Grassland","Desert","Snow"],
		"uniques": ["Rough terrain",
					"[+3] Strength for cities built on this terrain",
					"Has an elevation of [1] for visibility calculations",
					"Occurs in groups around high elevations",
					"[+1] to Fertility for Map Generation",
					"A Region is formed with at least [40]% [Hill] tiles, with priority [5]",
					"Base Terrain on this tile is not counted for Region determination",
					"Starts in regions of this type receive an extra [Sheep]",
					"Considered [Desirable] when determining start locations",
					"Considered [Production] when determining start locations",
					"Every [22] tiles with this terrain will receive a major deposit of a strategic resource."]
	},
	{
		"name": "Forest",
		"type": "TerrainFeature",
		"production": 1,
		"food": 1,
		"movementCost": 2,
		"overrideStats": true,
		"unbuildable": true,
		"defenceBonus": 0.15,
		"occursOn": ["Tundra","Plains","Grassland","Hill","Snow"],
		"uniques": ["Rough terrain", "Vegetation",
					"Provides a one-time bonus of [+30 Production] to the closest city when cut down <(modified by game speed)>",
					"Blocks line-of-sight from tiles at same elevation",
					"[25]% Chance to be destroyed by nukes",
					"A Region is formed with at least [30]% [Forest] tiles, with priority [3]",
					"A Region is formed with at least [35]% [Forest] tiles and [Jungle] tiles, with priority [3]",
					"A Region can not contain more [Jungle] tiles than [Forest] tiles",
					"Considered [Desirable] when determining start locations",
					"Considered [Production] when determining start locations",
					"Considered [Food] when determining start locations <in [Forest] Regions>",
					"Considered [Food] when determining start locations <in [Tundra] Regions>",
					"Every [39] tiles with this terrain will receive a major deposit of a strategic resource."],
		"civilopediaText": [{"text":"A Camp can be built here without cutting it down", "link":"Improvement/Camp"}]
	},
	{
		"name": "Jungle",
		"type": "TerrainFeature",
		"food": 2,
		"movementCost": 2,
		"overrideStats": true,
		"unbuildable": true,
		"defenceBonus": 0.15,
		"occursOn": ["Plains","Grassland"],
		"uniques": [
			"Rough terrain", "Vegetation",
			"Blocks line-of-sight from tiles at same elevation",
			"Provides a one-time bonus of [+20 Food] to the closest city when cut down <(modified by game speed)>",
			"[25]% Chance to be destroyed by nukes",
			"[-1] to Fertility for Map Generation",
			"A Region is formed with at least [30]% [Jungle] tiles, with priority [2]",
			"A Region is formed with at least [35]% [Jungle] tiles and [Forest] tiles, with priority [2]",
			"A Region can not contain more [Forest] tiles than [Jungle] tiles",
			"Considered [Food] when determining start locations <in all except [Grassland] Regions>",
			"Considered [Desirable] when determining start locations <in all except [Grassland] Regions>",
			"Every [33] tiles with this terrain will receive a major deposit of a strategic resource."
		]
	},
	{
		"name": "Marsh",
		"type": "TerrainFeature",
		"food": -1,
		"movementCost": 3,
		"unbuildable": true,
		"occursOn": ["Grassland"],
		"uniques": ["Rare feature",
					"[-2] to Fertility for Map Generation",
					"Every [9] tiles with this terrain will receive a major deposit of a strategic resource."],
	},
	{
		"name": "Fallout",
		"type": "TerrainFeature",
		"movementCost": 2,
		"unbuildable": true,
		"uniques": ["Nullifies all other stats this tile provides", "Doesn't generate naturally"],
		// For map editor only - the generator won't place it without code or enabling uniques
		// If the map generator is ever updated to always take these into account, it should also take the "Doesn't generate naturally" unique into account
		"occursOn": ["Grassland","Plains","Desert","Tundra","Snow","Forest","Jungle","Hill","Flood plains","Marsh","Oasis"]
		"defenceBonus": -0.15
	},
	{
		"name": "Oasis",
		"type": "TerrainFeature",
		"food": 3,
		"gold": 1,
		"movementCost": 1,
		"unbuildable": true,
		"defenceBonus": -0.1,
		"occursOn": ["Desert"],
		"uniques": ["Fresh water", "Rare feature",
					"Only [All Road] improvements may be built on this tile",
					"Always Fertility [4] for Map Generation",
					"Considered [Food] when determining start locations",
					"Considered [Desirable] when determining start locations"]
	},
	{
		"name": "Flood plains",
		"type": "TerrainFeature",
		"food": 2,
		"movementCost": 1,
		"defenceBonus": -0.1,
		"occursOn": ["Desert"],
		"uniques": ["Always Fertility [5] for Map Generation",
					"Considered [Food] when determining start locations",
					"Considered [Desirable] when determining start locations"]
	},
	{
		"name": "Ice",
		"type": "TerrainFeature",
		"impassable": true,
		"overrideStats": true,
		"occursOn": ["Ocean", "Coast"],
		"uniques": ["Occurs at temperature between [-1] and [-0.8] and humidity between [0] and [1]",
					"[-1] to Fertility for Map Generation",
					"Considered [Undesirable] when determining start locations"]
	},
	{
		"name": "Atoll",
		"type": "TerrainFeature",
		"movementCost": 1,
		"food": 1,
		"production": 1,
		"occursOn": ["Coast"],
		"uniques": ["Rare feature"]
	},

	// Natural Wonders
	{
		"name": "Great Barrier Reef",
		"type": "NaturalWonder",
		"food": 2,
		"production": 1,
		"gold": 1,
		"science": 2,
		"occursOn": ["Ocean"],
		"uniques": ["Must be adjacent to [1] to [6] [Coast] tiles",
			"Must be adjacent to [6] [Water] tiles",
			"Occurs on latitudes from [10] to [70] percent of distance equator to pole",
			"Occurs in groups of [2] to [2] tiles"],
		"turnsInto": "Coast",
		"impassable": true,
		"unbuildable": true,
		"weight": 10
	},
	{
		"name": "Old Faithful",
		"type": "NaturalWonder",
		"science": 2,
		"happiness": 3,
		"occursOn": ["Grassland","Plains","Tundra","Mountain"],
		"uniques": ["Must be adjacent to [0] [Coast] tiles",
			"Must be adjacent to [0] to [4] [Mountain] tiles",
			"Must be adjacent to [3] to [6] [Elevated] tiles",
			"Must be adjacent to [0] to [3] [Desert] tiles",
			"Must be adjacent to [0] to [3] [Tundra] tiles"],
		"turnsInto": "Mountain",
		"impassable": true,
		"unbuildable": true,
		"weight": 10
	},
	{
		"name": "El Dorado",
		"type": "NaturalWonder",
		"culture": 5,
		"overrideStats": true,
		"occursOn": ["Plains"],
		"turnsInto": "Plains",
		"impassable": true,
		"unbuildable": true,
		"uniques": ["Must be adjacent to [0] [Coast] tiles",
			"Must be adjacent to [1] to [6] [Jungle] tiles",
			"Grants [+500 Gold] to the first civilization to discover it"],
		"weight": 2
	},
	{ // This will count as "Fresh water" in civ 6
		"name": "Fountain of Youth",
		"type": "NaturalWonder",
		"happiness": 10,
		"overrideStats": true,
		"occursOn": ["Plains"],
		"turnsInto": "Plains",
		"impassable": true,
		"unbuildable": true,
		"uniques": ["Must be adjacent to [0] [Coast] tiles",
			"Grants [Rejuvenation] ([all healing effects doubled]) to adjacent [{Military} {Land}] units for the rest of the game",
			"Tile provides yield without assigned population"],
		"weight": 1
	},
	{
		"name": "Grand Mesa",
		"type": "NaturalWonder",
		"production": 2,
		"gold": 3,
		"occursOn": ["Plains","Desert","Tundra"],
		"uniques": ["Must be adjacent to [0] [Coast] tiles",
			"Must be adjacent to [0] [Grassland] tiles",
			"Must be adjacent to [2] to [6] [Hill] tiles",
			"Must be adjacent to [0] to [2] [Mountain] tiles"],
		"turnsInto": "Mountain",
		"impassable": true,
		"unbuildable": true,
		"weight": 10
	},
	{
		"name": "Mount Fuji",
		"type": "NaturalWonder",
		"gold": 2,
		"culture": 3,
		"faith": 3,
		"occursOn": ["Grassland","Plains"],
		"uniques": ["Must be adjacent to [0] [Coast] tiles",
			"Must be adjacent to [0] [Tundra] tiles",
			"Must be adjacent to [0] [Desert] tiles",
			"Must be adjacent to [0] [Mountain] tiles",
			"Must be adjacent to [0] [Marsh] tiles",
			"Must be adjacent to [0] to [2] [Hill] tiles",
			"Must not be on [1] largest landmasses"],
		"turnsInto": "Mountain",
		"impassable": true,
		"unbuildable": true,
		"weight": 10
	},
	{
		"name": "Krakatoa",
		"type": "NaturalWonder",
		"science": 5,
		"occursOn": ["Ocean"],
		"uniques": ["Must be adjacent to [1] to [6] [Coast] tiles",
			"Must be adjacent to [0] [Ice] tiles",
			"Neighboring tiles will convert to [Coast]"],
		"turnsInto": "Mountain",
		"impassable": true,
		"unbuildable": true,
		"weight": 10
	},
	{
		"name": "Rock of Gibraltar",
		"type": "NaturalWonder",
		"food": 2,
		"gold": 5,
		"occursOn": ["Grassland"],
		"uniques": ["Must be adjacent to [1] to [5] [Coast] tiles",
			"Must be adjacent to [1] [Mountain] tiles",
		    "Neighboring tiles will convert to [Coast] <in tiles without [Mountain]>"],
		"turnsInto": "Mountain",
		"impassable": true,
		"unbuildable": true,
		"weight": 10
	},
	{
		"name": "Cerro de Potosi",
		"type": "NaturalWonder",
		"gold": 10,
		"occursOn": ["Plains","Mountain"],
		"uniques": ["Must be adjacent to [0] [Coast] tiles",
			"Must be adjacent to [1] to [6] [Hill] tiles"],
		"turnsInto": "Mountain",
		"impassable": true,
		"unbuildable": true,
		"weight": 5
	},
	{
		"name": "Barringer Crater",
		"type": "NaturalWonder",
		"gold": 2,
		"science": 3,
		"occursOn": ["Desert","Tundra"],
		"uniques": ["Must be adjacent to [0] [Coast] tiles",
			"Must be adjacent to [0] [Grassland] tiles",
			"Must be adjacent to [0] to [2] [Mountain] tiles",
			"Must be adjacent to [0] to [4] [Elevated] tiles"],
		"turnsInto": "Mountain",
		"impassable": true,
		"unbuildable": true,
		"weight": 10
	},
	// G&K Wonders
	{
		"name": "Mount Kailash",
		"type": "NaturalWonder",
		"faith": 6,
		"happiness": 2,
		"occursOn": ["Plains","Grassland"],
		"uniques": ["Must be adjacent to [0] [Coast] tiles",
			"Must be adjacent to [0] [Marsh] tiles",
			"Must be adjacent to [0] to [1] [Desert] tiles",
			"Must be adjacent to [4] to [6] [Elevated] tiles"],
		"turnsInto": "Mountain",
		"impassable": true,
		"unbuildable": true,
		"weight": 10
	},
	{
		"name": "Mount Sinai",
		"type": "NaturalWonder",
		"faith": 8,
		"occursOn": ["Desert","Plains"],
		"uniques": ["Must be adjacent to [0] [Coast] tiles",
			"Must be adjacent to [0] [Grassland] tiles",
			"Must be adjacent to [0] [Tundra] tiles",
			"Must be adjacent to [0] [Marsh] tiles",
			"Must be adjacent to [3] to [6] [Desert] tiles"],
		"turnsInto": "Mountain",
		"impassable": true,
		"unbuildable": true,
		"weight": 10
	},
	{
		"name": "Sri Pada",
		"type": "NaturalWonder",
		"food": 2,
		"faith": 4,
		"happiness": 2,
		"occursOn": ["Plains","Grassland"],
		"uniques": ["Must be adjacent to [0] [Tundra] tiles",
			"Must be adjacent to [0] [Desert] tiles",
			"Must be adjacent to [0] [Marsh] tiles",
			"Must not be on [1] largest landmasses"],
		"turnsInto": "Mountain",
		"impassable": true,
		"unbuildable": true,
		"weight": 10
	},
	{
		"name": "Uluru",
		"type": "NaturalWonder",
		"food": 2,
		"faith": 6,
		"occursOn": ["Plains","Desert"],
		"uniques": ["Must be adjacent to [0] [Coast] tiles",
			"Must be adjacent to [0] [Grassland] tiles",
			"Must be adjacent to [0] [Tundra] tiles",
			"Must be adjacent to [0] [Marsh] tiles",
			"Must be adjacent to [3] to [6] [Plains] tiles"],
		"turnsInto": "Mountain",
		"impassable": true,
		"unbuildable": true,
		"weight": 10
		
	//模组新地形
	},
	{
		"name": "Geothermal Crevice",
		"type": "TerrainFeature",
		"science": 1,
		"food": 2,
		"movementCost": 1,
		"overrideStats": true,
		"unbuildable": false,
		"occursOn": ["Tundra","Grassland","Snow"],
		"uniques": ["Rare feature", "Never receives any resources"]	
    },
	{
		"name": "Volcano",
		"type": "TerrainFeature",
		"production": 1,
		"science": 1,
		"overrideStats": true,
		"unbuildable": true,
		"impassable": true,
		"occursOn": ["Desert", "Plains"],
		"uniques": ["Rough terrain","Rare feature", 
		"Never receives any resources",
			"Tile provides yield without assigned population",
			"Units ending their turn on this terrain take [70] damage",
			"Blocks line-of-sight from tiles at same elevation",
				"Has an elevation of [3] for visibility calculations",
				"Nullifies all other stats this tile provides"],
		"civilopediaText": [
		{"text":"The plains, deserts, grasslands and tundras without other landforms near the volcano will become volcanic soil", "link":"Terrain/Volcanic Soil"}
		]
	},
	{
		"name": "Volcanic Soil",
		"type": "TerrainFeature",
		"food": 1,
		"production": -1,
		"overrideStats": true,
		"unbuildable": true,
		"defenceBonus": -0.33
		"occursOn": ["Desert", "Grassland", "Plains","Tundra"],
		"uniques": ["Base Terrain on this tile is not counted for Region determination",
			"Units ending their turn on this terrain take [20] damage",
			"Doesn't generate naturally",
			"Never receives any resources"
	]
		"civilopediaText": [
		{"text":"Only generated around the volcano", "link":"Terrain/Volcano"}]	
	},
	{
		"name": "Salt Lake",
		"type": "TerrainFeature",
		"culture": 2,
		"production": 2,
		"movementCost": 3,
		"unbuildable": true,
		"impassable": true,
		"occursOn": ["Desert", "Plains"],
		"uniques": ["Fresh water", "Rare feature",
		"Nullifies all other stats this tile provides",
		"Always Fertility [4] for Map Generation",
					"Only [All Road] improvements may be built on this tile",
					"Considered [Production] when determining start locations",
					"Considered [Desirable] when determining start locations"]
	},
	{
		"name": "Mudflat",
		"type": "TerrainFeature",
		"food": 1,
		"gold": 1,
		"movementCost": 1,
		"defenceBonus": -0.1,
		"occursOn": ["Coast"],
		"uniques": ["Fresh water", "Rare feature"]
	},
	{
		"name": "Black Earth",
		"type": "TerrainFeature",
		"occursOn": ["Tundra", "Snow", "Plains"],
		"uniques": ["Rare feature", "Always Fertility [+4] for Map Generation",
		]
	},
	{
		"name": "Reef",
		"type": "TerrainFeature",
		"occursOn": ["Ocean", "Coast"],
		"production": 1,
		"movementCost": 4,
		"uniques": ["Rough terrain", "Rare feature", "Always Fertility [+4] for Map Generation",
		            "Has an elevation of [1] for visibility calculations",
            "Occurs in chains at high elevations",
            "Units ending their turn on this terrain take [50] damage",
		]
	},
	{
		"name": "Seafall ruins",
		"type": "TerrainFeature",
		"occursOn": ["Ocean", "Coast"],
		"movementCost": 2,
		"unbuildable": true,
		"impassable": false,
		"culture": 2,
		"gold": 1,
		"uniques": ["Rough terrain", "Rare feature"]
	
	},
]
