[
	{
		"name": "Farm",
		"terrainsCanBeBuiltOn": ["Plains","Grassland","Desert","Flood plains","Volcanic Soil", "Black Earth"],
		"food": 1,
		"turnsToBuild": 7,
		"techRequired": "Agriculture",
		"uniques": [
		"Can also be built on tiles adjacent to fresh water", "[+1 Food] <after discovering [Agricultural Improvement]>", "[+1 Food] <after discovering [Fertilizer]>", "[+2 Food] <in [Volcanic Soil] tiles>", "[+2 Food] <in [Black Earth] tiles>", "Pillaging this improvement yields approximately [+15 Gold]", "[+1 Culture] <after adopting [Military Reclamation System]> <with a garrison>",
		"[+1 Production] <within [1] tiles of a [City center]> <for [Singapore] Civilizations> <hidden from users>", 
		"[+1 Food] <with [3] to [6] neighboring [Improvement] tiles> <for [LianFang Court] Civilizations> <hidden from users>",
		"[+1 Production] <with [6] to [6] neighboring [Improvement] tiles> <for [LianFang Court] Civilizations> <hidden from users>",
		],
    },
	{
		"name": "Mine",
		"terrainsCanBeBuiltOn": ["Hill"],
		"production": 1,
		"turnsToBuild": 7,
		"techRequired": "Mining",
		"uniques": [
		"[+1 Production] <after discovering [Chemistry]>", 
		"[+1 Production] <after adopting [Agglomeration Planning]> <within [2] tiles of a [Mine]>", 
		"[+1 Production] <after adopting [Agglomeration Planning]> <within [1] tiles of a [City center]>", 
		"Pillaging this improvement yields approximately [+15 Gold]",
		"[+1 Production] <within [1] tiles of a [City center]> <for [Singapore] Civilizations> <hidden from users>", 
		"[+1 Food] <with [3] to [6] neighboring [Improvement] tiles> <for [LianFang Court] Civilizations> <hidden from users>",
		"[+1 Production] <with [6] to [6] neighboring [Improvement] tiles> <for [LianFang Court] Civilizations> <hidden from users>",
		"Gain control over [Rough terrain] tiles in a [1]-tile radius <for [Australia] Civilizations> <hidden from users>"
		],
	},
	{
		"name": "Camp",
		"turnsToBuild": 7,
		"techRequired": "Trapping",
		"uniques": [
		"[+1 Gold] <after discovering [Economics]>", "Does not need removal of [Forest]", "Does not need removal of [Jungle]", "Can only be built to improve a resource", "Pillaging this improvement yields approximately [+10 Gold]", "[+1 Gold] <in [Tundra] tiles> <if [Auspicious Snow] is constructed> <for [Finland] Civilizations> <hidden from users>", "[+2 Gold] <in [Snow] tiles> <if [Auspicious Snow] is constructed> <for [Finland] Civilizations> <hidden from users>",
	    "[+1 Production] <within [1] tiles of a [City center]> <for [Singapore] Civilizations> <hidden from users>", 
	    "[+1 Food] <with [3] to [6] neighboring [Improvement] tiles> <for [LianFang Court] Civilizations> <hidden from users>",
		"[+1 Production] <with [6] to [6] neighboring [Improvement] tiles> <for [LianFang Court] Civilizations> <hidden from users>",
		],
	},
	{
		"name": "Lumber mill",
		"terrainsCanBeBuiltOn": ["Forest", "Jungle"],
		"production": 2,
		"turnsToBuild": 7,
		"techRequired": "Masonry",
		"uniques": [
		"[+1 Production] <after discovering [Construction]>","Pillaging this improvement yields approximately [+10 Gold]",
		"[+1 Production] <within [1] tiles of a [City center]> <for [Singapore] Civilizations> <hidden from users>", 
		"[+1 Gold] <in [Tundra] tiles> <if [Blizzard Wind] is constructed> <for [Finland] Civilizations> <hidden from users>", "[+2 Gold] <in [Snow] tiles> <if [Blizzard Wind] is constructed> <for [Finland] Civilizations> <hidden from users>",
		"[+1 Food] <with [3] to [6] neighboring [Improvement] tiles> <for [LianFang Court] Civilizations> <hidden from users>",
		"[+1 Production] <with [6] to [6] neighboring [Improvement] tiles> <for [LianFang Court] Civilizations> <hidden from users>",
		],
	},
	{
		"name": "Pasture",
		"turnsToBuild": 7,
		"techRequired": "Animal Husbandry",
		"uniques": [
		"[+1 Production] <after discovering [Agricultural Improvement]>",
		"[+1 Food] <after discovering [Fertilizer]>", "Can only be built to improve a resource", "Pillaging this improvement yields approximately [+10 Gold]", "[+1 Food] for each adjacent [Expand Pasture] <hidden from users>", "[+2 Gold] for each adjacent [Expand Pasture] <after discovering [Agricultural Improvement]> <hidden from users>",
		"[+1 Production] <within [1] tiles of a [City center]> <for [Singapore] Civilizations> <hidden from users>", 
		"[+1 Food] <with [3] to [6] neighboring [Improvement] tiles> <for [LianFang Court] Civilizations> <hidden from users>",
		"[+1 Production] <with [6] to [6] neighboring [Improvement] tiles> <for [LianFang Court] Civilizations> <hidden from users>",
		"Gain control over [Open terrain] tiles in a [1]-tile radius <for [Australia] Civilizations> <hidden from users>"
		],
	},
	{
		"name": "Plantation",
		"turnsToBuild": 7,
		"gold": 2,
		"techRequired": "Agriculture",
		"uniques": [
		"[+1 Food] <after discovering [Fertilizer]>",
		"[+1 Gold] <after discovering [Compass]>",
		"Can only be built to improve a resource", "Pillaging this improvement yields approximately [+10 Gold]",
		"[+1 Production] <within [1] tiles of a [City center]> <for [Singapore] Civilizations> <hidden from users>", 
		"[+1 Food] <with [3] to [6] neighboring [Improvement] tiles> <for [LianFang Court] Civilizations> <hidden from users>",
		"[+1 Production] <with [6] to [6] neighboring [Improvement] tiles> <for [LianFang Court] Civilizations> <hidden from users>",
		
		],
	},
	{
		"name": "Quarry",
		"turnsToBuild": 7,
		"production": 1,
		"techRequired": "Mining",
		"uniques": [
		"[+1 Production] <after discovering [Chemistry]>",
		"Can only be built to improve a resource", "Pillaging this improvement yields approximately [+15 Gold]",
		"[+1 Production] <within [1] tiles of a [City center]> <for [Singapore] Civilizations> <hidden from users>", 
		"[+1 Food] <with [3] to [6] neighboring [Improvement] tiles> <for [LianFang Court] Civilizations> <hidden from users>",
		"[+1 Production] <with [6] to [6] neighboring [Improvement] tiles> <for [LianFang Court] Civilizations> <hidden from users>",
		],
	},
	{
		"name": "Fishing Boats",
		"terrainsCanBeBuiltOn": ["Coast"],
		"food": 1,
		"techRequired": "Sailing",
		"uniques": ["[+1 Gold] <after discovering [Compass]>",
		"Can only be built to improve a resource", 
		"Pillaging this improvement yields approximately [+10 Gold]",
		"[+1 Production] <within [1] tiles of a [City center]> <for [Singapore] Civilizations> <hidden from users>", 
		"[+1 Food] <with [3] to [6] neighboring [Improvement] tiles> <for [LianFang Court] Civilizations> <hidden from users>",
		"[+1 Production] <with [6] to [6] neighboring [Improvement] tiles> <for [LianFang Court] Civilizations> <hidden from users>",
		],
	},
	{
		"name": "Trading post",
		"terrainsCanBeBuiltOn": ["Plains","Grassland","Desert","Hill","Tundra","Forest","Jungle","Flood plains"],
		"gold": 2,
		"turnsToBuild": 7,
		"techRequired": "Guilds",
		"uniques": [
		"[+1 Gold] <within [1] tiles of a [Road]>",
		"[+2 Gold] <within [1] tiles of a [Railroad]>",
		"[+1 Gold] <after discovering [Economics]>", 
		"[+1 Gold] <after discovering [Industrialization]>",
		"Pillaging this improvement yields approximately [+15 Gold]",
		"[+1 Production] <within [1] tiles of a [City center]> <for [Singapore] Civilizations> <hidden from users>",
		"[+1 Food] <with [3] to [6] neighboring [Improvement] tiles> <for [LianFang Court] Civilizations> <hidden from users>",
		"[+1 Production] <with [6] to [6] neighboring [Improvement] tiles> <for [LianFang Court] Civilizations> <hidden from users>",
		],
	},
	{
		"name": "Spa",
		"terrainsCanBeBuiltOn": ["Geothermal Crevice"],
		"gold": 2,
		"science": 1,
		"turnsToBuild": 7,
		"techRequired": "Drama and Poetry",
		"uniques": ["Does not need removal of [Geothermal Crevice]", "Pillaging this improvement yields approximately [+15 Gold]", "[+1 Gold] <after discovering [Architecture]>", "[+1 Gold] <after discovering [Archaeology]>",
		"[+1 Production] <within [1] tiles of a [City center]> <for [Singapore] Civilizations> <hidden from users>", 
		"[+1 Food] <with [3] to [6] neighboring [Improvement] tiles> <for [LianFang Court] Civilizations> <hidden from users>",
		"[+1 Production] <with [6] to [6] neighboring [Improvement] tiles> <for [LianFang Court] Civilizations> <hidden from users>",
		]
	},
	{
		"name": "Geothermal Power Plant",
		"terrainsCanBeBuiltOn": ["Geothermal Crevice"],
		"science": 3,
		"production": 3,
		"turnsToBuild": 10,
		"techRequired": "Ecology",
		"uniques": ["Does not need removal of [Geothermal Crevice]", "Pillaging this improvement yields approximately [+15 Gold]", 
		"[+1 Production] <within [1] tiles of a [City center]> <for [Singapore] Civilizations> <hidden from users>", 
		"[+1 Food] <with [3] to [6] neighboring [Improvement] tiles> <for [LianFang Court] Civilizations> <hidden from users>",
		"[+1 Production] <with [6] to [6] neighboring [Improvement] tiles> <for [LianFang Court] Civilizations> <hidden from users>",
		]	
	},
	{
		"name": "Oil well",
		"turnsToBuild": 10,
		"techRequired": "Biology",
		"uniques": ["Can only be built to improve a resource", "Cannot be built on [Water] tiles", "Pillaging this improvement yields approximately [+20 Gold]",
		"[+1 Production] <within [1] tiles of a [City center]> <for [Singapore] Civilizations> <hidden from users>",
		"[+1 Food] <with [3] to [6] neighboring [Improvement] tiles> <for [LianFang Court] Civilizations> <hidden from users>",
		"[+1 Production] <with [6] to [6] neighboring [Improvement] tiles> <for [LianFang Court] Civilizations> <hidden from users>",
		],
	},
	{
		"name": "Offshore Platform",
		"techRequired": "Electricity",
		"uniques": [
		"Can only be built to improve a resource", "Can only be built on [Water] tiles", "Pillaging this improvement yields approximately [+20 Gold]",
		"[+1 Production] <within [1] tiles of a [City center]> <for [Singapore] Civilizations> <hidden from users>", 
		],		
		
	// 军事设施
	},
	{
		"name": "Fort",
		"terrainsCanBeBuiltOn": ["Plains","Grassland","Desert","Hill","Tundra","Snow","Forest","Jungle"],
		"production": 1,
		"turnsToBuild": 7,
		"techRequired": "Defensive Fortification",
		"uniques": [
		"Can be built outside your borders", "Gives a defensive bonus of [50]%",
		"[+1 Production] <within [1] tiles of a [City center]> <for [Singapore] Civilizations> <hidden from users>", 
		"[+1 Food] <with [3] to [6] neighboring [Improvement] tiles> <for [LianFang Court] Civilizations> <hidden from users>",
		"[+1 Production] <with [6] to [6] neighboring [Improvement] tiles> <for [LianFang Court] Civilizations> <hidden from users>",
		],
		
	// 移除
	},
	{
		"name": "Remove Forest",
		"turnsToBuild": 5,
		"techRequired": "Mining",
		"terrainsCanBeBuiltOn": ["Land"],
		"uniques": ["Can be built outside your borders", "Excluded from map editor"],
        "civilopediaText": [{"text":"Provides a one-time Production bonus depending on distance to the closest city once finished"}]
	},
	{
		"name": "Remove Jungle",
		"turnsToBuild": 5,
		"techRequired": "Mining",
		"terrainsCanBeBuiltOn": ["Land"],
		"uniques": ["Can be built outside your borders", "Excluded from map editor"],
		"civilopediaText": [{"text":"Provides a one-time Production bonus depending on distance to the closest city once finished"}]
	},
	{
		"name": "Remove Fallout",
		"turnsToBuild": 2,
		"terrainsCanBeBuiltOn": ["Land"],	
		"uniques": ["Can be built outside your borders", "Excluded from map editor"],
	},
	{
		"name": "Remove Marsh",
		"turnsToBuild": 6,
		"techRequired": "Masonry",
		"terrainsCanBeBuiltOn": ["Land"],
		"uniques": ["Can be built outside your borders", "Excluded from map editor"],
	},
	{
		"name": "Remove Road",
		"turnsToBuild": 2,
		"uniques": ["Can be built outside your borders", "Excluded from map editor"]
	},
	{
		"name": "Remove Railroad",
		"turnsToBuild": 2,
		"uniques": ["Can be built outside your borders", "Excluded from map editor"]
	},
	{
		"name": "Cancel improvement order",
		"uniques": ["Can be built outside your borders", "Excluded from map editor"],
		"shortcutKey": "."
	},
	{
        "name": "Repair",
        "terrainsCanBeBuiltOn": ["Land"],
        "turnsToBuild": 2,
        "uniques": ["Unbuildable"],
        "civilopediaText": [{"text":"Repairs a pillaged Improvement or Route"}]
        
	//道路
	},
	{
		"name": "Road",
		"terrainsCanBeBuiltOn": ["Land"],
		"turnsToBuild": 4,
		"techRequired": "The Wheel",
		"uniques": ["Can be built outside your borders", "Costs [1] [Gold] per turn when in your territory"]	
	},
	{
		"name": "Railroad",
		"terrainsCanBeBuiltOn": ["Land"],
		"turnsToBuild": 6,
		"techRequired": "Railroads",
		"uniques": ["Can be built outside your borders", "Costs [1] [Gold] per turn when in your territory"],
		
	// 伟人建筑
    },
    {
		"name": "Academy",
		"terrainsCanBeBuiltOn": ["Land"],
		"science": 6,
		"uniques": ["Great Improvement",
		"[+2 Science] <after discovering [Scientific Theory]>", 
		"[+2 Science] <after discovering [Atomic Theory]>",
		"Will not be replaced by automated units",
		"Removes removable features when built", "Pillaging this improvement yields approximately [+20 Gold]",
		"[+1 Food] <with [3] to [6] neighboring [Improvement] tiles> <for [LianFang Court] Civilizations> <hidden from users>",
		"[+1 Production] <with [6] to [6] neighboring [Improvement] tiles> <for [LianFang Court] Civilizations> <hidden from users>",
		]
	},
	{
		"name": "Landmark",
		"terrainsCanBeBuiltOn": ["Land"],
		"culture": 6,
		"uniques": ["Great Improvement", 
		"[+2 Culture] <after discovering [Archaeology]>", 
		"[+2 Culture] <after discovering [Radio]>",
		"Will not be replaced by automated units",
		"[+1 Food] <with [3] to [6] neighboring [Improvement] tiles> <for [LianFang Court] Civilizations> <hidden from users>",
		"[+1 Production] <with [6] to [6] neighboring [Improvement] tiles> <for [LianFang Court] Civilizations> <hidden from users>",
		"Removes removable features when built", "Pillaging this improvement yields approximately [+20 Gold]"]
	},
	{
		"name": "Manufactory",
		"terrainsCanBeBuiltOn": ["Land"],
		"production": 5,
		"uniques": ["Great Improvement",
		"[+1 Production] <after discovering [Chemistry]>",
		"[+1 Production] <after discovering [Metal Casting]>",
		"[+1 Production] <after discovering [Industrialization]>",
		"[+1 Production] <after discovering [Replaceable Parts]>",
		"[+1 Production] <after discovering [Materials Science]>",
		"Will not be replaced by automated units",
		"[+1 Food] <with [3] to [6] neighboring [Improvement] tiles> <for [LianFang Court] Civilizations> <hidden from users>",
		"[+1 Production] <with [6] to [6] neighboring [Improvement] tiles> <for [LianFang Court] Civilizations> <hidden from users>",
		"Removes removable features when built", "Pillaging this improvement yields approximately [+20 Gold]"]
	},
	{
		"name": "Customs house",
		"terrainsCanBeBuiltOn": ["Land"],
		"gold": 6,
		"uniques": ["Great Improvement", 
		"[+2 Gold] <after discovering [Economics]>", 
		"[+2 Gold] <after discovering [Construction]>", 
		"Will not be replaced by automated units",
		"[+1 Food] <with [3] to [6] neighboring [Improvement] tiles> <for [LianFang Court] Civilizations> <hidden from users>",
		"[+1 Production] <with [6] to [6] neighboring [Improvement] tiles> <for [LianFang Court] Civilizations> <hidden from users>",
		"Removes removable features when built", "Pillaging this improvement yields approximately [+20 Gold]"]
	},
	{
		"name": "Holy site",
		"terrainsCanBeBuiltOn": ["Land"],
		"faith": 5,
		"uniques": ["Great Improvement", "Removes removable features when built", "Pillaging this improvement yields approximately [+20 Gold]", "[+1 Food] <with [3] to [6] neighboring [Improvement] tiles> <for [LianFang Court] Civilizations> <hidden from users>",
		"[+1 Production] <with [6] to [6] neighboring [Improvement] tiles> <for [LianFang Court] Civilizations> <hidden from users>", "Will not be replaced by automated units"]
	},
	{
		"name": "Citadel",
		"production": 1,
		"terrainsCanBeBuiltOn": ["Land"],
		"uniques": ["Great Improvement", "Gives a defensive bonus of [100]%", "Adjacent enemy units ending their turn take [30] damage", "Can be built just outside your borders", "[+1 Food] <with [3] to [6] neighboring [Improvement] tiles> <for [LianFang Court] Civilizations> <hidden from users>",
		"[+1 Production] <with [6] to [6] neighboring [Improvement] tiles> <for [LianFang Court] Civilizations> <hidden from users>", "Gain control over [all] tiles in a [1]-tile radius","Will not be replaced by automated units", "Removes removable features when built"]
		
    },
    
	// 不可建造设施
	{
		"name": "Ancient ruins",
		"terrainsCanBeBuiltOn": ["Land"],
		"uniques": ["Unpillagable", "Provides a random bonus when entered"]
	},
	{
		"name": "City ruins",
		"terrainsCanBeBuiltOn": ["Land"],
		"uniques": ["Unpillagable", "Unbuildable", "Will be replaced by automated units"],
        "civilopediaText": [{"text":"A bleak reminder of the destruction wreaked by War"}]
	},
	{
		"name": "City center",
		"terrainsCanBeBuiltOn": ["Land"],
		"uniques": [
	    "Ensures a minimum tile yield of [+2 Food, +2 Production] <in [Hill] tiles>",
		"Ensures a minimum tile yield of [+1 Food, +3 Production] <in [Plains] tiles> <in tiles without [Hill]>",
		"Ensures a minimum tile yield of [+3 Food, +1 Production] <in [Grassland] tiles> <in tiles without [Hill]>",
		"Ensures a minimum tile yield of [+3 Food, +1 Production] <in [Desert] tiles> <in [Fresh Water] tiles> <in tiles without [Hill]>",
		"Ensures a minimum tile yield of [+2 Food, +1 Production, +2 Gold] <in [Tundra] tiles> <in tiles without [Hill]>",
		"Ensures a minimum tile yield of [+2 Food, +1 Production, +2 Faith] <in [Snow] tiles> <in tiles without [Hill]>",
		
            "Unpillagable", "Irremovable", "Unbuildable"],
        "civilopediaText": [
			{"text":"Marks the center of a city"},
			{"text":"Appearance changes with the technological era of the owning civilization"}
		]
	},
	{
		"name": "Barbarian encampment",
		"terrainsCanBeBuiltOn": ["Land"],
		"uniques": ["Unpillagable", "Unbuildable"],
        "civilopediaText": [{"text":"Home to uncivilized barbarians, will spawn a hostile unit from time to time"}]
    
    // 特色建筑
    },
	{
		"name": "Terrace farm",
		"uniqueTo": "Inca",
		"terrainsCanBeBuiltOn": ["Hill"],
		"food": 1,
		"turnsToBuild": 10,
		"uniques": ["Cannot be built on [Bonus resource] tiles", "[+1 Food] for each adjacent [Mountain]", "[+1 Food] <after discovering [Fertilizer]>", "[+1 Food] <after discovering [Agricultural Improvement]>", "Pillaging this improvement yields approximately [+20 Gold]"],
		"techRequired": "The Wheel",	
	},
	{
		"name": "Moai",
		"uniqueTo": "Polynesia",
		"terrainsCanBeBuiltOn": ["Land"],
		"culture": 1,
		"faith": 1,
		"turnsToBuild": 3,
		"uniques": ["Can only be built on [Coastal] tiles", "[+1 Culture, +1 Faith] for each adjacent [Moai]", "[+1 Culture] <after discovering [Flight]>", "Pillaging this improvement yields approximately [+15 Gold]"],
		"techRequired": "Belief Worship",
	},
	{
		"name": "Colony",
		"gold": 2,
		"terrainsCanBeBuiltOn": ["Land", "Forest", "Jungle"],
		"uniques": ["Can be built outside your borders", "Removes removable features when built", "Cannot be built on [Land] tiles <within [3] tiles of a [City center]>", "Cannot be built on [Land] tiles <within [2] tiles of a [Colony]>", "Adjacent enemy units ending their turn take [10] damage", "Tile provides yield without assigned population", 
		"Great Improvement",
		"[+1 Food] <with [1] to [1] neighboring [Bonus resource] tiles>",
		"[+2 Food] <with [2] to [2] neighboring [Bonus resource] tiles>",
		"[+3 Food] <with [3] to [3] neighboring [Bonus resource] tiles>",
		"[+4 Food] <with [4] to [4] neighboring [Bonus resource] tiles>",	
		"[+5 Food] <with [5] to [5] neighboring [Bonus resource] tiles>",
		"[+6 Food] <with [6] to [6] neighboring [Bonus resource] tiles>",
		
		"[+2 Gold] <with [1] to [1] neighboring [Luxury resource] tiles>",
		"[+4 Gold] <with [2] to [2] neighboring [Luxury resource] tiles>",
		"[+6 Gold] <with [3] to [3] neighboring [Luxury resource] tiles>",
		"[+8 Gold] <with [4] to [4] neighboring [Luxury resource] tiles>",	
		"[+10 Gold] <with [5] to [5] neighboring [Luxury resource] tiles>",
		"[+12 Gold] <with [6] to [6] neighboring [Luxury resource] tiles>",
		
		"[+1 Production] <with [1] to [1] neighboring [Strategic resource] tiles>",
		"[+2 Production] <with [2] to [2] neighboring [Strategic resource] tiles>",
		"[+3 Production] <with [3] to [3] neighboring [Strategic resource] tiles>",
		"[+4 Production] <with [4] to [4] neighboring [Strategic resource] tiles>",
		"[+5 Production] <with [5] to [5] neighboring [Strategic resource] tiles>",
		"[+6 Production] <with [6] to [6] neighboring [Strategic resource] tiles>",
	],
	},
	{
		"name": "Vietnamese City",
		"uniqueTo": "Vietnam",
		"terrainsCanBeBuiltOn": ["Forest", "Jungle"],
		"food": 1,
	    "turnsToBuild": 7,
		"techRequired": "Masonry",
		"uniques": [
		"Gives a defensive bonus of [15]%", 
		"Does not need removal of [Vegetation]", 
		"Improves [Bonus] resource in this tile", 
		"Improves [Strategic] resource in this tile", 
		"Can only be built on [Vegetation] tiles",
		"Pillaging this improvement yields approximately [+30 Gold]", "[+1 Food] <after discovering [Engineering]>", "[+1 Production] <after discovering [Industrialization]>"],	
	},
	{
		"name": "Expand Pasture",
		"uniqueTo": "Argentina",
		"terrainsCanBeBuiltOn": ["Grassland","Plains"],
		"food": 1,
		"turnsToBuild": 3,
	    "techRequired": "Animal Husbandry",
		"uniques": ["Only available <within [1] tiles of a [Pasture]>", "[+1 Food] <after discovering [Fertilizer]>", "Pillaging this improvement yields approximately [+10 Gold]", "Comment [Adjacent Pasture +1 Food]", "Comment [Adjacent Pasture +2 Gold after discovering Agricultural Improvement]"],
	},
	{
		"name": "Polder",
		"uniqueTo": "The Netherlands",
		"food": 2,
		"terrainsCanBeBuiltOn": ["Marsh", "Flood plains"],
		"turnsToBuild": 7,
		"uniques": ["[+1 Food] <in [Marsh] tiles>", "[+1 Production, +2 Gold] <after discovering [Economics]>", "Pillaging this improvement yields approximately [+18 Gold]"],
		"techRequired": "Optics",	
	},
	{
		"name": "Holy Mountain",
		"uniqueTo": "Tubo",
		"terrainsCanBeBuiltOn": ["Mountain", "Hill"],
		"faith": 2,
		"turnsToBuild": 6,
	    "techRequired": "Belief Worship",
		"uniques": ["[+1 Culture] for each adjacent [Mountain]", "[+1 Food] <after discovering [Agricultural Improvement]>", "[+1 Faith] <after discovering [Theology]>", "[+1 Food] <in [Hill] tiles>", "Pillaging this improvement yields approximately [+20 Gold]"],
	},
	{
		"name": "The Great Wall of China",
		"uniqueTo": "China",
		"terrainsCanBeBuiltOn": ["Hill", "Plains", "Grassland", "Snow", "Tundra", "Desert"],
		"production": 1,
		"turnsToBuild": 5,
	    "techRequired": "Defensive Fortification",
		"uniques": ["[+1 Culture] for each adjacent [The Great Wall of China]", 
		"Unbuildable <with [2] to [6] neighboring [The Great Wall of China] tiles>"
		"Gives a defensive bonus of [15]%"
		"Comment [non-China units -1 Movement in this tile]",
		"Pillaging this improvement yields approximately [+20 Gold]"],
	}
]
