[	
	// 奖金资源
	{
		"name": "Cattle",
		"resourceType": "Bonus",
		"terrainsCanBeFoundOn": ["Grassland"],
		"food": 1,
		"improvement": "Pasture",
		"improvementStats": {"production": 1},
		"uniques": ["Generated on every [20] tiles <in [{Featureless} {Grassland}] tiles>",
					"Generated on every [25] tiles <in [{Featureless} {Grassland}] tiles> <in [Hill] Regions>"]
	},
	{
		"name": "Sheep",
		"resourceType": "Bonus",
		"terrainsCanBeFoundOn": ["Hill"],
		"food": 1,
		"improvement": "Pasture",
		"improvementStats": {"food": 1},
		"uniques": ["Generated on every [15] tiles <in [Hill] tiles> <in tiles without [Forest]> <in tiles without [Jungle]>",
					"Generated on every [15] tiles <in [Hill] tiles> <in tiles without [Forest]> <in tiles without [Jungle]> <in tiles without [Fresh Water]> <in [Hill] Regions>"]
	},
	{
		"name": "Deer",
		"resourceType": "Bonus",
		"terrainsCanBeFoundOn": ["Forest","Tundra"],
		"food": 1,
		"improvement": "Camp",
		"improvementStats": {"production": 1},
		"uniques": ["Generated on every [8] tiles <in [{Tundra} {Forest}] tiles>",
					"Generated on every [15] tiles <in [{Featureless} {Tundra}] tiles>",
					"Generated on every [25] tiles <in [{Plains} {Forest}] tiles> <in tiles without [Hill]>",
					"Generated on every [25] tiles <in [{Grassland} {Forest}] tiles> <in tiles without [Hill]>",
					"Generated on every [20] tiles <in [{Featureless} {Tundra}] tiles> <in [Hill] Regions>",
					"Generated on every [30] tiles <in [Forest] tiles> <in [Hill] Regions>"]
	},
	{
		"name": "Bananas",
		"resourceType": "Bonus",
		"terrainsCanBeFoundOn": ["Jungle"],
		"food": 1,
		"improvement": "Plantation",
		"improvementStats": {"food": 2,"production": -1,"gold": -1},
		"uniques": ["Generated on every [15] tiles <in [Jungle] tiles>",
					"Generated on every [20] tiles <in [Jungle] tiles> <in [Hill] Regions>"]
	},
	{
		"name": "Wheat",
		"resourceType": "Bonus",
		"terrainsCanBeFoundOn": ["Plains","Flood plains","Desert", "Black Earth"], 
		"food": 1,
		"improvement": "Farm",
		"uniques": ["Generated on every [30] tiles <in [{Featureless} {Plains}] tiles>",
					"Generated on every [10] tiles <in [{Desert} {Fresh Water}] tiles> <in tiles without [Hill]>",
					"Generated on every [20] tiles <in [{Featureless} {Plains}] tiles> <in [Hill] Regions>",
					"Generated on every [20] tiles <in [{Fresh Water} {Desert}] tiles> <in tiles without [Hill]> <in [Hill] Regions>"
					"Generated on every [5] tiles <in [Black Earth] tiles>",
					]
	},
	{
		"name": "Rice",
		"resourceType": "Bonus",
		"terrainsCanBeFoundOn": ["Grassland", "Flood plains", "Lakes"], 
		"food": 1,
		"improvement": "Farm",
		"uniques": ["Generated on every [20] tiles <in [{Featureless} {Fresh Water} {Grassland}] tiles>",
					"Generated on every [10] tiles <in [{Desert} {Fresh Water}] tiles> <in tiles without [Hill]>",
					"Generated on every [15] tiles <in [{Featureless} {Fresh Water} {Grassland}] tiles> <in [Hill] Regions>",
					"Generated on every [20] tiles <in [{Fresh Water} {Desert}] tiles> <in tiles without [Hill]> <in [Hill] Regions>",
					"Generated on every [10] tiles <in [Lakes] tiles>"
	    ]
	},
	{
		"name": "Potato",
		"resourceType": "Bonus",
		"terrainsCanBeFoundOn": ["Tundra", "Plains", "Snow", "Black Earth"], 
		"food": 1,
		"improvement": "Farm",
		"improvementStats": {"production": 1},
		"uniques": [
		"Occurs at temperature between [-0.8] and [0.6] and humidity between [0.1] and [0.8]"
					"Generated on every [30] tiles <in [{Featureless} {Plains}] tiles> <in tiles without [Hill]>",
					"Generated on every [10] tiles <in [Tundra] tiles> <in tiles without [Hill]>",
					"Generated on every [15] tiles <in [Snow] tiles> <in tiles without [Hill]>",
					"Generated on every [2] tiles <in [Black Earth] tiles>",
	    ]    
	},
	{
		"name": "Stone",
		"resourceType": "Bonus",
		"terrainsCanBeFoundOn": ["Grassland","Desert","Tundra"],
		"production": 1,
		"improvement": "Quarry",
		"improvementStats": {"production": 1},
		"uniques": ["Generated on every [20] tiles <in [{Featureless} {Grassland}] tiles> <in tiles without [Fresh Water]>",
					"Generated on every [15] tiles <in [{Featureless} {Tundra}] tiles>",
					"Generated on every [20] tiles <in [{Featureless} {Desert}] tiles>"]
    },
	{
		"name": "Saltpeter",
		"resourceType": "Bonus",
		"terrainsCanBeFoundOn": ["Desert", "Tundra", "Snow", "Plains"],
		"production": 1,
		"improvement": "Mine",
		"improvementStats": {"food": 1},
		"uniques": [
					"Generated on every [25] tiles <in [{Featureless} {Tundra}] tiles> <in tiles without [Hill]>",
					"Generated on every [25] tiles <in [{Featureless} {Desert}] tiles> <in tiles without [Hill]>",
					"Generated on every [30] tiles <in [{Featureless} {Plains}] tiles> <in tiles without [Hill]>",	
					"Generated on every [20] tiles <in [{Featureless} {Snow}] tiles> <in tiles without [Hill]>"
					]
	},
	{
		"name": "Fish",
		"resourceType": "Bonus",
		"terrainsCanBeFoundOn": ["Coast", "Atoll", "Ocean", "Reef"],
		"food": 1,
		"improvement": "Fishing Boats",
		"uniques": ["Generated on every [5] tiles <in [{Featureless} {Coast}] tiles>",
		"Generated on every [10] tiles <in [{Featureless} {Ocean}] tiles>",
		"Generated on every [15] tiles <in [Atoll] tiles>",
		"Generated on every [15] tiles <in [Reef] tiles>",
		]
	},
	{
		"name": "Kelp",
		"resourceType": "Bonus",
		"terrainsCanBeFoundOn": ["Coast","Mudflat", "Ocean"],
		"production": 1,
		"improvement": "Fishing Boats",
		"uniques": ["Generated on every [10] tiles <in [{Featureless} {Coast}] tiles>",
		"Generated on every [20] tiles <in [{Featureless} {Ocean}] tiles>",
		]
	},
	{
		"name": "Bison",
		"resourceType": "Bonus",
		"terrainsCanBeFoundOn": ["Plains"],
		"production": 1,
		"improvement": "Pasture",
		"uniques": ["Generated on every [30] tiles <in [{Featureless} {Plains}] tiles>",
		"Generated on every [35] tiles <in [{Featureless} {Grassland}] tiles> <in [Hill] Regions>"]
		"improvementStats": {"food": 1}
	},
	{
		"name": "Camel",
		"resourceType": "Bonus",
		"terrainsCanBeFoundOn": ["Plains","Grassland", "Desert", "Flood plains","Oasis"],
		"production": 1,
		"improvement": "Pasture",
		"uniques": ["Generated on every [70] tiles <in [{Featureless} {Plains}] tiles>",
		           "Generated on every [70] tiles <in [{Featureless} {Grassland}] tiles>",
		           "Generated on every [20] tiles <in [{Featureless} {Desert}] tiles>",
				   "Generated on every [10] tiles <in [{Desert} {Fresh Water}] tiles> <in tiles without [Hill]>",
					"Generated on every [40] tiles <in [{Featureless} {Plains}] tiles> <in [Hill] Regions>",
					"Generated on every [20] tiles <in [{Fresh Water} {Desert}] tiles> <in tiles without [Hill]> <in [Hill] Regions>",
		"Doesn't generate naturally <in [Hill] tiles>",			
					]
		"improvementStats": {"food": 1}	
	},
	
	// 奢侈资源
	{
		"name": "Furs",
		"resourceType": "Luxury",
		"terrainsCanBeFoundOn": ["Forest", "Tundra", "Snow"],
		"gold": 2,
		"improvement": "Camp",
		"improvementStats": {"gold": 1},
		"uniques": ["Generated with weight [40] <in [Tundra] Regions>",
		            "Generated with weight [20] <in [Tundra] Regions>",
					"Generated with weight [10] <in [Forest] Regions>",
					"Generated near City States with weight [15]"]
	},
	{
		"name": "Cotton",
		"resourceType": "Luxury",
		"terrainsCanBeFoundOn": ["Grassland","Flood plains"],
		"gold": 2,
		"improvement": "Plantation",
		"uniques": ["Generated with weight [15] <in [Desert] Regions>",
					"Generated with weight [30] <in [Grassland] Regions>",
					"Generated with weight [15] <in [Hybrid] Regions>",
					"Generated near City States with weight [10]",
					"Doesn't generate naturally <in [Hill] tiles>"]
	},
	{
		"name": "Dyes",
		"resourceType": "Luxury",
		"terrainsCanBeFoundOn": ["Jungle","Forest","Marsh"],
		"gold": 2,
		"improvement": "Plantation",
		"uniques": ["Generated with weight [5] <in [Tundra] Regions>",
					"Generated with weight [5] <in [Jungle] Regions>",
					"Generated with weight [30] <in [Forest] Regions>",
					"Generated near City States with weight [10]",
					"Doesn't generate naturally <in [Hill] tiles>"]
	},
	{
		"name": "Gems",
		"resourceType": "Luxury",
		"terrainsCanBeFoundOn": ["Jungle","Forest","Hill"],
		"gold": 3,
		"improvement": "Mine",
		"uniques": ["Generated with weight [5] <in [Tundra] Regions>",
					"Generated with weight [20] <in [Jungle] Regions>",
					"Generated with weight [15] <in [Hill] Regions>",
					"Generated with weight [5] <in [Grassland] Regions>",
					"Generated with weight [5] <in [Hybrid] Regions>",
					"Generated near City States with weight [10]",
					"Doesn't generate naturally <in [Forest] tiles> <in tiles without [Hill]>"]
	},
	{
		"name": "Gold Ore",
		"resourceType": "Luxury",
		"terrainsCanBeFoundOn": ["Desert","Hill","Forest","Jungle"],
		"gold": 2,
		"improvement": "Mine",
		"uniques": ["Generated with weight [25] <in [Desert] Regions>",
					"Generated with weight [30] <in [Hill] Regions>",
					"Generated with weight [5] <in [Plains] Regions>",
					"Generated with weight [5] <in [Hybrid] Regions>",
					"Generated near City States with weight [10]",
					"Doesn't generate naturally <in [Forest] tiles> <in tiles without [Hill]>",
					"Doesn't generate naturally <in [Jungle] tiles> <in tiles without [Hill]>"]
	},
	{
		"name": "Silver",
		"resourceType": "Luxury",
		"terrainsCanBeFoundOn": ["Hill","Forest","Jungle","Tundra","Grassland"],
		"gold": 2,
		"improvement": "Mine",
		"uniques": ["Generated with weight [25] <in [Tundra] Regions>",
					"Generated with weight [30] <in [Hill] Regions>",
					"Generated with weight [20] <in [Grassland] Regions>",
					"Generated with weight [10] <in [Hybrid] Regions>",
					"Generated near City States with weight [10]",
					"Doesn't generate naturally <in [Forest] tiles> <in tiles without [Hill]>",
					"Doesn't generate naturally <in [Jungle] tiles> <in tiles without [Hill]>",
					"Doesn't generate naturally <in [{Tundra} {Hill}] tiles>",
					"Doesn't generate naturally <in [{Grassland} {Fresh Water}] tiles>",
					"Doesn't generate naturally <in [{Grassland} {Hill}] tiles>"
		]
	},
	{
		"name": "Incense",
		"resourceType": "Luxury",
		"terrainsCanBeFoundOn": ["Plains","Desert","Flood plains"],
		"gold": 2,
		"improvement": "Plantation",
		"uniques": ["Generated with weight [35] <in [Desert] Regions>",
					"Generated with weight [10] <in [Plains] Regions>",
					"Generated with weight [5] <in [Hybrid] Regions>",
					"Generated near City States with weight [15]"]
	},
	{
		"name": "Ivory",
		"resourceType": "Luxury",
		"terrainsCanBeFoundOn": ["Plains","Grassland"],
		"gold": 2,
		"improvement": "Camp",
		"improvementStats": {"gold": 1},
		"uniques": ["Generated with weight [35] <in [Plains] Regions>",
					"Generated with weight [15] <in [Hybrid] Regions>",
					"Generated near City States with weight [10]",
					"Doesn't generate naturally <in [{Grassland} {Fresh Water}] tiles>"]
	},
	{
		"name": "Silk",
		"resourceType": "Luxury",
		"terrainsCanBeFoundOn": ["Forest","Jungle"],
		"gold": 2,
		"improvement": "Plantation",
		"uniques": ["Generated with weight [5] <in [Jungle] Regions>",
					"Generated with weight [30] <in [Forest] Regions>",
					"Generated with weight [5] <in [Hybrid] Regions>",
					"Generated near City States with weight [15]",
					"Doesn't generate naturally <in [Hill] tiles>",	
					"Doesn't generate naturally <in [Snow] tiles>"
					]
	},
	{
		"name": "Spices",
		"resourceType": "Luxury",
		"terrainsCanBeFoundOn": ["Jungle","Forest","Marsh"],
		"gold": 2,
		"improvement": "Plantation",
		"uniques": ["Generated with weight [30] <in [Jungle] Regions>",
					"Generated with weight [10] <in [Forest] Regions>",
					"Generated with weight [5] <in [Plains] Regions>",
					"Generated with weight [5] <in [Grassland] Regions>",
					"Generated with weight [5] <in [Hybrid] Regions>",
					"Generated near City States with weight [15]",
					"Doesn't generate naturally <in [Hill] tiles>",
					"Doesn't generate naturally <in [{Tundra} {Forest}] tiles>",
					"Doesn't generate naturally <in [{Snow} {Forest}] tiles>"
					]
	},
	{
		"name": "Wine",
		"resourceType": "Luxury",
		"terrainsCanBeFoundOn": ["Grassland","Plains"],
		"gold": 2,
		"improvement": "Plantation",
		"uniques": ["Generated with weight [35] <in [Plains] Regions>",
					"Generated with weight [15] <in [Hybrid] Regions>",
					"Generated near City States with weight [10]"]
	},
	{
		"name": "Sugar",
		"resourceType": "Luxury",
		"terrainsCanBeFoundOn": ["Flood plains","Grassland","Marsh"],
		"gold": 2,
		"improvement": "Plantation",
		"uniques": ["Generated with weight [20] <in [Jungle] Regions>",
					"Generated with weight [15] <in [Desert] Regions>",
					"Generated with weight [20] <in [Grassland] Regions>",
					"Generated with weight [5] <in [Hybrid] Regions>",
					"Generated near City States with weight [10]",
					"Doesn't generate naturally <in [Grassland] tiles> <in tiles without [Fresh Water]>"]
	},
	{
		"name": "Marble",
		"resourceType": "Luxury",
		"terrainsCanBeFoundOn": ["Desert","Plains","Hill","Grassland"],
		"gold": 2,
		"improvement": "Quarry",
		"improvementStats": {"production": 1},
		"uniques": ["[+15]% Production when constructing [All] wonders [in all cities]",
					"Special placement during map generation",
					"Doesn't generate naturally <in [{Grassland} {Fresh Water}] tiles>"]
	},
	{
		"name": "Whales",
		"resourceType": "Luxury",
		"terrainsCanBeFoundOn": ["Coast", "Ocean"],
		"food": 1,
		"gold": 1,
		"improvement": "Fishing Boats",
		"uniques": ["Generated with weight [35] <in [Tundra] Regions>",
					"Generated with weight [10] <in [Forest] Regions>",
					"Generated with weight [10] <in [Hill] Regions>",
					"Generated with weight [5] <in [Plains] Regions>",
					"Generated with weight [10] <in [Grassland] Regions>",
					"Generated with weight [20] <in [Hybrid] Regions>",
					"Generated on every [40] tiles <in [{Featureless} {Ocean}] tiles>",
					"Generated near City States with weight [10]"]
	},
	{
		"name": "Pearls",
		"resourceType": "Luxury",
		"terrainsCanBeFoundOn": ["Coast", "Mudflat", "Ocean"],
		"gold": 2,
		"improvement": "Fishing Boats",
		"uniques": ["Generated with weight [20] <in [Jungle] Regions>",
					"Generated with weight [10] <in [Forest] Regions>",
					"Generated with weight [5] <in [Desert] Regions>",
					"Generated with weight [15] <in [Hill] Regions>",
					"Generated with weight [5] <in [Plains] Regions>",
					"Generated with weight [10] <in [Grassland] Regions>",
					"Generated with weight [20] <in [Hybrid] Regions>",
					"Generated on every [40] tiles <in [{Featureless} {Ocean}] tiles>",
					"Generated near City States with weight [15]"]
	},
	{
		"name": "Jewelry",
		"resourceType": "Luxury",
		"gold": 2,
		"uniques": ["Can only be created by Mercantile City-States"]
	},
	{
		"name": "Porcelain",
		"resourceType": "Luxury",
		"gold": 2,
		"uniques": ["Can only be created by Mercantile City-States"]
	},
	{
		"name": "Citrus",
		"resourceType": "Luxury",
		"terrainsCanBeFoundOn": ["Jungle","Forest","Flood plains"],
		"food": 1,
		"gold": 1,
		"improvement": "Plantation",
		"uniques": ["Generated with weight [35] <in [Jungle] Regions>",
					"Generated with weight [5] <in [Forest] Regions>",
					"Generated with weight [5] <in [Desert] Regions>",
					"Generated with weight [5] <in [Hybrid] Regions>",
					"Generated near City States with weight [15]",
					"Doesn't generate naturally <in [Tundra] tiles>",
					"Doesn't generate naturally <in [Snow] tiles>"
					]
	},
	{
		"name": "Copper",
		"resourceType": "Luxury",
		"terrainsCanBeFoundOn": ["Hill","Forest","Jungle","Grassland","Tundra"],
		"gold": 2,
		"improvement": "Mine",
		"uniques": ["Generated with weight [15] <in [Tundra] Regions>",
					"Generated with weight [5] <in [Jungle] Regions>",
					"Generated with weight [5] <in [Forest] Regions>",
					"Generated with weight [10] <in [Desert] Regions>",
					"Generated with weight [30] <in [Hill] Regions>",
					"Generated with weight [20] <in [Grassland] Regions>",
					"Generated with weight [20] <in [Hybrid] Regions>",
					"Generated near City States with weight [10]",
					"Doesn't generate naturally <in [{Grassland} {Fresh Water}] tiles>",
					"Doesn't generate naturally <in [Jungle] tiles> <in tiles without [Hill]>",
					"Doesn't generate naturally <in [Forest] tiles> <in tiles without [Hill]> <in tiles without [Tundra]>"]
	},
	{
		"name": "Cocoa",
		"resourceType": "Luxury",
		"terrainsCanBeFoundOn": ["Jungle","Forest"],
		"production": 1,
		"gold": 1,
		"improvement": "Plantation"
		"uniques": [
					"Generated with weight [10] <in [Jungle] Regions>",
					"Generated with weight [10] <in [Forest] Regions>",
					"Generated with weight [10] <in [Desert] Regions>",
					"Generated with weight [20] <in [Grassland] Regions>",
					"Generated with weight [20] <in [Hybrid] Regions>",
					"Generated near City States with weight [10]",
					"Doesn't generate naturally <in [Tundra] tiles>",
					"Doesn't generate naturally <in [Snow] tiles>"
					]
	},
	{
		"name": "Crab",
		"resourceType": "Luxury",
		"terrainsCanBeFoundOn": ["Coast", "Mudflat", "Ocean"],
		"food": 1,
		"gold": 1,
		"improvement": "Fishing Boats",
		"uniques": ["Generated with weight [30] <in [Tundra] Regions>",
					"Generated with weight [5] <in [Jungle] Regions>",
					"Generated with weight [10] <in [Forest] Regions>",
					"Generated with weight [10] <in [Hill] Regions>",
					"Generated with weight [5] <in [Plains] Regions>",
					"Generated with weight [20] <in [Grassland] Regions>",
					"Generated with weight [20] <in [Hybrid] Regions>",
					"Generated near City States with weight [15]"]
	},
	{
		"name": "Salt",
		"resourceType": "Luxury",
		"terrainsCanBeFoundOn": ["Desert","Tundra","Plains","Forest"],
		"gold": 1,
		"food": 1,
		"improvement": "Mine",
		"improvementStats": {"food": 1},
		"uniques": ["Generated with weight [15] <in [Tundra] Regions>",
					"Generated with weight [5] <in [Forest] Regions>",
					"Generated with weight [15] <in [Desert] Regions>",
					"Generated with weight [10] <in [Hill] Regions>",
					"Generated with weight [25] <in [Plains] Regions>",
					"Generated with weight [15] <in [Hybrid] Regions>",
					"Generated near City States with weight [10]",
					"Doesn't generate naturally <in [{Forest} {Hill}] tiles>"]
	},
	{
		"name": "Truffles",
		"resourceType": "Luxury",
		"terrainsCanBeFoundOn": ["Forest","Marsh","Jungle"],
		"gold": 2,
		"improvement": "Camp",
		"improvementStats": {"gold": 1},
		"uniques": ["Generated with weight [5] <in [Jungle] Regions>",
					"Generated with weight [30] <in [Forest] Regions>",
					"Generated with weight [5] <in [Plains] Regions>",
					"Generated with weight [5] <in [Grassland] Regions>",
					"Generated with weight [10] <in [Hybrid] Regions>",
					"Generated near City States with weight [15]",
					"Doesn't generate naturally <in [{Forest} {Hill}] tiles>",
					"Doesn't generate naturally <in [{Tundra} {Forest}] tiles>",
					"Doesn't generate naturally <in [{Snow} {Forest}] tiles>"
					]
					
    // 战略资源	
	},
	{
	    "name": "Horses",
		"resourceType": "Strategic",
		"revealedBy": "Animal Husbandry",
		"terrainsCanBeFoundOn": ["Plains","Grassland","Hill"], 
		"production": 1,
		"improvement": "Pasture",
		"improvementStats": {"production": 1},
		"uniques": [
		"Not shown on world screen <when above [50] [Horses]>",
		"Guaranteed with Strategic Balance resource option",
					"Generated with weight [100] <in [{Featureless} {Grassland}] tiles>",
					"Generated with weight [100] <in [{Featureless} {Plains}] tiles>",
					"Minor deposits generated with weight [10] <in [{Grassland} {Hill}] tiles> <in tiles without [Forest]> <in tiles without [Jungle]>",
					"Minor deposits generated with weight [10] <in [{Plains} {Hill}] tiles> <in tiles without [Forest]> <in tiles without [Jungle]>",
					"Minor deposits generated with weight [100] <in [{Featureless} {Grassland}] tiles> <in [Fresh Water] tiles>",
					"Minor deposits generated with weight [20] <in [{Featureless} {Grassland}] tiles> <in tiles without [Fresh Water]>",
					"Minor deposits generated with weight [30] <in [{Featureless} {Plains}] tiles>"],
		"majorDepositAmount": {"sparse": 5, "default": 7, "abundant": 9},
		"minorDepositAmount": {"sparse": 5, "default": 5, "abundant": 6}
	},
	{
		"name": "Iron",
		"resourceType": "Strategic",
		"revealedBy": "Iron Working",
		"terrainsCanBeFoundOn": ["Grassland","Plains","Desert","Tundra","Snow","Hill"],
		"production": 1,
		"improvement": "Mine",
		"uniques": [
		"Stockpiled", "Not shown on world screen <when above [500] [Iron]>",
		"Guaranteed with Strategic Balance resource option",
					"Generated with weight [50] <in [{Featureless} {Tundra}] tiles>",
					"Generated with weight [30] <in [{Featureless} {Snow}] tiles>",
					"Generated with weight [40] <in [{Featureless} {Desert}] tiles>",
					"Generated with weight [30] <in [Hill] tiles>",
					"Minor deposits generated with weight [10] <in [Marsh] tiles> <in tiles without [Hill]>",
					"Minor deposits generated with weight [10] <in [{Jungle} {Hill}] tiles>",
					"Minor deposits generated with weight [20] <in [Forest] tiles>",
					"Minor deposits generated with weight [20] <in [Hill] tiles> <in tiles without [Forest]> <in tiles without [Jungle]>",
					"Minor deposits generated with weight [30] <in [{Featureless} {Grassland}] tiles> <in tiles without [Fresh Water]>",
					"Minor deposits generated with weight [20] <in [{Featureless} {Plains}] tiles>",
					"Minor deposits generated with weight [10] <in [{Featureless} {Desert}] tiles>",
					"Minor deposits generated with weight [10] <in [{Featureless} {Tundra}] tiles>",
					"Minor deposits generated with weight [10] <in [{Featureless} {Snow}] tiles>"],
		"majorDepositAmount": {"sparse": 6, "default": 7, "abundant": 8},
		"minorDepositAmount": {"sparse": 3, "default": 4, "abundant": 5}	
	},
	{
		"name": "Coal",
		"resourceType": "Strategic",
		"revealedBy": "Chemistry",
		"terrainsCanBeFoundOn": ["Grassland","Plains","Hill","Jungle","Forest","Marsh","Tundra"],
		"production": 1,
		"improvement": "Mine",
		"uniques": [
		"Not shown on world screen <when above [50] [Coal]>",
		"Generated with weight [45] <in [Hill] tiles>",
					"Generated with weight [35] <in [Jungle] tiles> <in tiles without [Hill]>",
					"Generated with weight [35] <in [Forest] tiles> <in tiles without [Hill]>",
					"Minor deposits generated with weight [10] <in [Marsh] tiles> <in tiles without [Hill]>",
					"Minor deposits generated with weight [10] <in [Jungle] tiles>",
					"Minor deposits generated with weight [10] <in [Forest] tiles>",
					"Minor deposits generated with weight [20] <in [{Grassland} {Hill}] tiles>",
					"Minor deposits generated with weight [20] <in [{Plains} {Hill}] tiles>",
					"Minor deposits generated with weight [30] <in [{Desert} {Hill}] tiles>",
					"Minor deposits generated with weight [30] <in [{Tundra} {Hill}] tiles>",
					"Minor deposits generated with weight [30] <in [{Snow} {Hill}] tiles>"],
		"majorDepositAmount": {"sparse": 5, "default": 6, "abundant": 7},
		"minorDepositAmount": {"sparse": 3, "default": 4, "abundant": 5}		
	},
	{
		"name": "Steels",
		"production":1,
		"resourceType": "Strategic",
		"revealedBy": "Metal Casting",	
		"uniques": ["Stockpiled", "Not shown on world screen <when above [1000] [Steels]>",]	
	},
	{
		"name": "Oil",
		"resourceType": "Strategic",
		"revealedBy": "Biology",
		"terrainsCanBeFoundOn": ["Desert","Coast","Tundra","Snow","Marsh","Jungle"],
		"production": 1,
		"improvedBy": ["Oil well", "Offshore Platform"
		],
		"improvementStats": {"production": 3},
		"uniques": [
		"Deposits in [Coast] tiles always provide [4] resources", "Not shown on world screen <when above [50] [Oil]>",
		            "Guaranteed with Strategic Balance resource option",
					"Generated with weight [65] <in [Marsh] tiles> <in tiles without [Hill]>",
					"Generated with weight [40] <in [{Featureless} {Tundra}] tiles>",
					"Generated with weight [60] <in [{Featureless} {Snow}] tiles>",
					"Generated with weight [65] <in [{Featureless} {Desert}] tiles>",
					"Generated with weight [100] <in [{Featureless} {Coast}] tiles>",
					"Minor deposits generated with weight [20] <in [Marsh] tiles> <in tiles without [Hill]>",
					"Minor deposits generated with weight [10] <in [Jungle] tiles> <in tiles without [Hill]>",
					"Minor deposits generated with weight [10] <in [{Featureless} {Desert}] tiles>",
					"Minor deposits generated with weight [20] <in [{Featureless} {Tundra}] tiles>",
					"Minor deposits generated with weight [20] <in [{Featureless} {Snow}] tiles>"],
		"majorDepositAmount": {"sparse": 5, "default": 7, "abundant": 8},
		"minorDepositAmount": {"sparse": 4, "default": 5, "abundant": 5}	
	},
	{
		"name": "Aluminum",
		"resourceType": "Strategic",
		"revealedBy": "Electricity",
		"terrainsCanBeFoundOn": ["Desert","Tundra","Hill","Snow","Jungle"],
		"production": 1,
		"improvement": "Mine",
		"improvementStats": {"production": 1},
		"uniques": ["Generated with weight [15] <in [{Featureless} {Tundra}] tiles>", "Stockpiled", "Not shown on world screen <when above [1000] [Aluminum]>",
					"Generated with weight [15] <in [{Featureless} {Snow}] tiles>",
					"Generated with weight [39] <in [Hill] tiles>",
					"Minor deposits generated with weight [20] <in [Jungle] tiles>",
					"Minor deposits generated with weight [10] <in [{Featureless} {Desert}] tiles>"],
		"majorDepositAmount": {"sparse": 7, "default": 9, "abundant": 10},
		"minorDepositAmount": {"sparse": 5, "default": 6, "abundant": 7}
	},
	{
		"name": "Uranium",
		"resourceType": "Strategic",
		"revealedBy": "Atomic Theory",
		"terrainsCanBeFoundOn": ["Marsh","Jungle","Forest","Tundra","Snow"],
		"production": 1,
		"improvement": "Mine",
		"improvementStats": {"production": 1},
		"uniques": ["Generated with weight [35] <in [Marsh] tiles> <in tiles without [Hill]>", "Not shown on world screen <when above [50] [Uranium]>",
					"Generated with weight [70] <in [Jungle] tiles> <in tiles without [Hill]>",
					"Generated with weight [70] <in [Forest] tiles> <in tiles without [Hill]>",
					"Minor deposits generated with weight [10] <in [Forest] tiles>",
					"Minor deposits generated with weight [10] <in [{Featureless} {Tundra}] tiles>",
					"Minor deposits generated with weight [10] <in [{Featureless} {Snow}] tiles>"],
		"majorDepositAmount": {"sparse": 4, "default": 5, "abundant": 6},
		"minorDepositAmount": {"sparse": 3, "default": 4, "abundant": 4}		
		
	// 厌战度
	},
	{
		"name": "Warfare Aversion Level",  
		"resourceType": "Strategic",
	    "uniques": ["Stockpiled", "Cannot be traded"]	

	// 数量
	},
	{
		"name": "Number of Buildings",  
		"resourceType": "Bonus",
	    "uniques": [
	        "City-level resource", 
            "Cannot be traded", 
	    ]	
    },
	{
		"name": "Number of Leaders",  
		"resourceType": "Bonus",
	    "uniques": ["Not shown on world screen", "Cannot be traded"]
	},
	{
		"name": "Number of Fighters",  
		"resourceType": "Bonus",
	    "uniques": ["Not shown on world screen", "Cannot be traded"]
	    
    // 冷却
	},
	{
		"name": "CD",  
		"resourceType": "Strategic",
	    "uniques": ["Stockpiled", "Cannot be traded", 
	    "Not shown on world screen"
	    ]
	
	// 荷兰投资
	},
	{
		"name": "Infrastructure Investment",
		"resourceType": "Strategic",
		"uniques": [
		"Not shown on world screen",
		"[+10]% Production when constructing [All] buildings [in all cities]",
		]
	},
	{
		"name": "Productive Investment",
		"resourceType": "Strategic",
		"uniques": [
		"Not shown on world screen",
		"[+15]% [Gold]",
		]
	},
	{
		"name": "Research Investment",
		"resourceType": "Strategic",
		"uniques": [
		"Not shown on world screen",
		"[+10]% [Science]",
		]	
	},
	{
		"name": "Entertainment Investment",
		"resourceType": "Strategic",
		"uniques": [
		"Not shown on world screen",
		"[+10]% [Culture]",
		]		
	},
	{
		"name": "Grain Investment",
		"resourceType": "Strategic",
		"uniques": [
		"Not shown on world screen",
		"[+8]% [Food] [in all cities]",
		]
		
	// 特殊货币
	},
	{
		"name": "Feat",  
		"resourceType": "Strategic",
	    "uniques": ["Stockpiled", "Cannot be traded"]
	},
	{
		"name": "Diplomatic Point",  
		"resourceType": "Strategic",
	    "uniques": ["Cannot be traded"]
	}
]
