[

	// 公民单位
	{
		"name": "Worker",
		"unitType": "Civilian",
		"movement": 2,
		"uniques": ["Can build [Land] improvements on tiles", "Automation is a primary action", 
		    "[This Unit] gains the [Blizzard Wind Ability] promotion <for [Finland] Civilizations> <hidden from users>", "[-25]% production cost <for [Iroquois] Civilizations> <hidden from users>",
		    "Turn this tile into a [Forest] tile <once> <in [Your] cities> <for [Vietnam] Civilizations> <hidden from users>"
		    "Turn this tile into a [Forest] tile <in [Your] cities> <for [Vietnam] Civilizations> <by consuming this unit> <hidden from users>",
		],
		"cost": 70
	},
	{
		"name": "SovietWorker",
		"unitType": "Civilian",
		"movement": 3,
		"uniqueTo": "Soviet Union",
		"replaces": "Worker",
		"cost": 70,
		"uniques": ["Can build [Land] improvements on tiles", "Automation is a primary action"],
	},
	{
		"name": "Settler",
		"unitType": "Civilian",
		"movement": 2,
		"cost": 100,
		"uniques": ["Founds a new city <by consuming this unit>", "Excess Food converted to Production when under construction", "Requires at least [2] population", "Can instantly construct a [Colony] improvement <[1] times> <for [Spain] Civilizations> <hidden from users>", "[This Unit] gains the [Blizzard Wind Ability] promotion <for [Finland] Civilizations> <hidden from users>", "[-25]% production cost <for [Iroquois] Civilizations> <hidden from users>"
		
		],
	},
	{
		"name": "Work Boats",
		"unitType": "Civilian Water",
		"movement": 3,
		"cost": 30,
		"requiredTech": "Sailing",
		"uniques": ["Cannot enter ocean tiles <before discovering [Optics]>", "May create improvements on water resources", "Uncapturable"]	
		
	//侦查单位
	},
	{
		"name": "Scout",
		"unitType": "Reconnaissance",
		"movement": 2,
		"strength": 5,
		"cost": 20,
		"promotions": ["Off-road"],
		"uniques": ["Can see invisible [Land] units", 
		"Can build [Road] improvements on tiles <for [Human player] Civilizations>"
		]
		"attackSound": "nonmetalhit"
				
    // 战士
	},
	{
		"name": "Warrior",
		"unitType": "Foot Soldier",
		"movement": 2,
		"strength": 8,
		"cost": 30,
		"obsoleteTech": "Iron Working",
		"upgradesTo": "Swordsman",
		"uniques":["[+10]% Strength <vs [Military] units> <when defending>", "May upgrade to [Spearman] through ruins-like effects", "Consumes [-1] [Number of Fighters] <for [Palestine] Civilizations> <hidden from users> <hidden from users>"
		]
		"attackSound": "nonmetalhit"
	},
	{
		"name": "Mossi Warrior",
		"unitType": "Foot Soldier",
		"movement": 2,
		"strength": 9,
		"cost": 30,
		"uniqueTo": "Burkina Faso",
		"replaces": "Warrior",
		"obsoleteTech": "Iron Working",
		"upgradesTo": "Swordsman",
		"uniques":["[+10]% Strength <vs [Military] units> <when defending>", "May upgrade to [Spearman] through ruins-like effects", "Consumes [-1] [Number of Fighters] <for [Palestine] Civilizations>  <hidden from users> <hidden from users>"]
		"attackSound": "nonmetalhit"	
	},
	{
		"name": "Jaguar",
		"unitType": "Foot Soldier",
		"uniqueTo": "Aztecs",
		"replaces": "Warrior",
		"movement": 2,
		"strength": 8,
		"cost": 30,
		"obsoleteTech": "Army Formation",
		"upgradesTo": "Swordsman",
		"promotions": ["[Jaguar] ability"],
		"uniques":["[+10]% Strength <vs [Military] units> <when defending>", "Double movement in [Forest]","Double movement in [Jungle]", "May upgrade to [Spearman] through ruins-like effects", "Consumes [-1] [Number of Fighters] <for [Palestine] Civilizations>  <hidden from users>"]
		"attackSound": "nonmetalhit"
	},
	{
		"name": "Maori Warrior",
		"unitType": "Foot Soldier",
		"uniqueTo": "Polynesia",
		"replaces": "Warrior",
		"movement": 2,
		"strength": 8,
		"cost": 30,
		"obsoleteTech": "Defensive Fortification",
		"promotions": ["Haka War Dance"],
		"uniques":["Can build [Moai] improvements on tiles", "[+10]% Strength <vs [Military] units> <when defending>", "May upgrade to [Spearman] through ruins-like effects", "Consumes [-1] [Number of Fighters] <for [Palestine] Civilizations>  <hidden from users>"]	
		"upgradesTo": "Swordsman",
		"attackSound": "nonmetalhit"
	},
	{
		"name": "Swordsman",
		"unitType": "Foot Soldier",
		"movement": 2,
		"strength": 14,
		"cost": 60,
		"requiredTech": "Iron Working",
		"upgradesTo": "Longswordsman",
		"obsoleteTech": "Steel",
		"uniques":["Costs [10] [Iron]",  "[+10]% Strength <vs [Military] units> <when defending>", "[This Unit] heals [10] HP <costs [1] [Iron]> <for [1] movement>"]
		"attackSound": "metalhit"	
	},
	{
		"name": "Hypaspist",
		"unitType": "Foot Soldier",
		"uniqueTo": "Macedonia",
		"replaces": "Swordsman",
		"movement": 2,
		"strength": 14,
		"cost": 66,
		"requiredTech": "Iron Working",
		"upgradesTo": "Longswordsman",
		"obsoleteTech": "Steel",
		"promotions": ["[Hypaspist] ability"],
		"uniques":["Costs [10] [Iron]",  "[+10]% Strength <vs [Military] units> <when defending>", "[This Unit] heals [10] HP <costs [1] [Iron]> <for [1] movement>"]
		"attackSound": "metalhit"	
	},
	{
		"name": "Iron Wall Legion",
		"unitType": "Foot Soldier",
		"uniqueTo": "Glenn Empire",
		"replaces": "Swordsman",
		"movement": 2,
		"strength": 15,
		"cost": 66,
		"requiredTech": "Iron Working",
		"upgradesTo": "Longswordsman",
		"obsoleteTech": "Steel",
		"promotions": ["[Iron Wall Legion] ability"],
		"uniques":["Costs [10] [Iron]",  "[+10]% Strength <vs [Military] units> <when defending>", "[This Unit] heals [10] HP <costs [1] [Iron]> <for [1] movement>"]
		"attackSound": "metalhit"
	},
	{
		"name": "Legion",
		"unitType": "Foot Soldier",
		"uniqueTo": "Rome",
		"replaces": "Swordsman",
		"movement": 2,
		"strength": 15,
		"cost": 72,
		"requiredTech": "Iron Working",
		"upgradesTo": "Longswordsman",
		"obsoleteTech": "Steel",
		"uniques": ["Costs [10] [Iron]", "Can build [Road] improvements on tiles", "Can build [Fort] improvements on tiles","[+10]% Strength <vs [Military] units> <when defending>", "[This Unit] heals [10] HP <costs [1] [Iron]> <for [1] movement>"],
		"attackSound": "metalhit"	
    },
	{
		"name": "Berserker",
		"unitType": "Foot Soldier",
		"replaces": "Swordsman",
		"uniqueTo": "Denmark",
		"movement": 3,
		"strength": 14,
		"cost": 60,
		"requiredTech": "Iron Working",
		"upgradesTo": "Longswordsman",
		"obsoleteTech": "Steel",
	    "uniques": ["[+10]% Strength <vs [Military] units> <when attacking>"],
	    "promotions": ["[Berserker] ability"],
		"attackSound": "metalhit"
	},
	{
		"name": "Longswordsman",
		"unitType": "Foot Soldier",
		"movement": 2,
		"strength": 21,
		"cost": 145,
		"requiredTech": "Steel",
		"upgradesTo": "Musketman",
		"obsoleteTech": "Gunpowder",
		"uniques":["Costs [10] [Iron]",  "[+10]% Strength <vs [Military] units> <when defending>", "[This Unit] heals [10] HP <costs [1] [Iron]> <for [1] movement>"]
		"attackSound": "metalhit"
	},
	{
		"name": "Five Flank Heavy Infantry",
		"unitType": "Foot Soldier",
		"replaces": "Longswordsman",
		"uniqueTo": "Tubo",
		"movement": 2,
		"strength": 23,
		"cost": 160,
		"requiredTech": "Steel",
		"upgradesTo": "Musketman",
		"obsoleteTech": "Gunpowder",
		"uniques":["Costs [10] [Iron]",  "[+10]% Strength <vs [Military] units> <when defending>", "[This Unit] heals [10] HP <costs [1] [Iron]> <for [1] movement>"]
		"promotions": ["Drill I"]
		"attackSound": "metalhit"
	},
	{
		"name": "Mohawk Warrior",
		"unitType": "Foot Soldier",
		"replaces": "Longswordsman",
		"uniqueTo": "Iroquois",
		"movement": 2,
		"strength": 21,
		"cost": 145,
		"requiredTech": "Steel",
		"upgradesTo": "Musketman",
		"obsoleteTech": "Gunpowder",
		"uniques":["Costs [10] [Iron]",  "[+10]% Strength <vs [Military] units> <when defending>", "[This Unit] heals [10] HP <costs [1] [Iron]> <for [1] movement>"]
		"promotions": ["[Mohawk Warrior] ability"],
		"attackSound": "metalhit"
	},
	{
		"name": "Black Watch",
		"unitType": "Foot Soldier",
		"uniqueTo": "Scotland",
		"replaces": "Longswordsman",
		"movement": 2,
		"strength": 21,
		"cost": 145,
	    "requiredTech": "Steel",
		"upgradesTo": "Musketman",
		"obsoleteTech": "Gunpowder",
		"uniques":["Costs [10] [Iron]",  "[+10]% Strength <vs [Military] units> <when defending>", "[This Unit] heals [10] HP <costs [1] [Iron]> <for [1] movement>"]
		"promotions": ["[Black Watch] ability"],
		"attackSound": "metalhit"
	},
	{
		"name": "Musketman",
		"unitType": "Foot Soldier",
		"movement": 2,
		"strength": 25,
		"cost": 207,
		"requiredTech": "Gunpowder",
		"upgradesTo": "Rifleman",
		"obsoleteTech": "Rifling",
		"uniques":["[+10]% Strength <vs [Military] units> <when defending>", "Consumes [-1] [Number of Fighters] <for [Palestine] Civilizations>  <hidden from users>"]
		"attackSound": "shot"	
	},
	{
		"name": "Musketeer",
		"unitType": "Foot Soldier",
		"replaces": "Musketman",
		"uniqueTo": "France",
		"movement": 2,
		"strength": 29,
		"cost": 207,
		"requiredTech": "Gunpowder",
		"upgradesTo": "Rifleman",
		"obsoleteTech": "Rifling",
		"uniques":["[+10]% Strength <vs [Military] units> <when defending>", "Consumes [-1] [Number of Fighters] <for [Palestine] Civilizations>  <hidden from users>"]
		"attackSound": "shot"	
	},
	{
		"name": "Dahomei Women's Guard",
		"unitType": "Foot Soldier",
		"replaces": "Musketman",
		"uniqueTo": "Benin",
		"movement": 2,
		"strength": 27,
		"cost": 207,
		"requiredTech": "Gunpowder",
		"upgradesTo": "Rifleman",
		"obsoleteTech": "Rifling",
		"uniques":["[+10]% Strength <vs [Military] units> <when defending>", "Consumes [-1] [Number of Fighters] <for [Palestine] Civilizations>  <hidden from users>"]
		"attackSound": "shot"		
	},
	{
		"name": "Janissary",
		"unitType": "Foot Soldier",
		"replaces": "Musketman",
		"uniqueTo": "Turkey",
		"movement": 2,
		"strength": 25,
		"cost": 207,
		"requiredTech": "Gunpowder",
		"upgradesTo": "Rifleman",
		"obsoleteTech": "Rifling",
		"uniques":["[+10]% Strength <vs [Military] units> <when defending>", "Consumes [-1] [Number of Fighters] <for [Palestine] Civilizations>  <hidden from users>"]
		"promotions": ["[Janissary] ability"],
		"attackSound": "shot"		
	},
	{
		"name": "Tercio",
		"unitType": "Foot Soldier",
		"replaces": "Musketman",
		"uniqueTo": "Spain",
		"movement": 2,
		"strength": 27,
		"cost": 230,
		"requiredTech": "Gunpowder",
		"upgradesTo": "Rifleman",
		"obsoleteTech": "Rifling",
		"uniques": ["[+10]% Strength <vs [Military] units> <when defending>", "[+50]% Strength <vs [Mounted] units>", "Consumes [-1] [Number of Fighters] <for [Palestine] Civilizations>  <hidden from users>"],
		"attackSound": "shot"	
	},
	{
		"name": "Minuteman",
	    "unitType": "Foot Soldier",
		"replaces": "Musketman",
		"uniqueTo": "America",
		"movement": 2,
		"strength": 25,
		"cost": 186,
		"requiredTech": "Gunpowder",
		"upgradesTo": "Rifleman",
		"obsoleteTech": "Rifling",
		"uniques": ["[+10]% Strength <vs [Military] units> <when defending>", "Ignores terrain cost", "Consumes [-1] [Number of Fighters] <for [Palestine] Civilizations>  <hidden from users>"],
		"promotions": ["Drill I"],
		"attackSound": "shot"	
	},
	{
		"name": "Rifleman",
		"unitType": "Foot Soldier",
		"movement": 2,
		"strength": 34,
		"cost": 320,
		"requiredTech": "Rifling",
		"obsoleteTech": "Replaceable Parts",
		"upgradesTo": "Great War Infantry",
		"uniques":["[+10]% Strength <vs [Military] units> <when defending>", "Consumes [-1] [Number of Fighters] <for [Palestine] Civilizations>  <hidden from users>"]
		"attackSound": "shot"	
	},
	{
		"name": "Mehal Sefari",
		"unitType": "Foot Soldier",
		"replaces": "Rifleman",
		"uniqueTo": "Ethiopia",
		"movement": 2,
		"strength": 34,
		"cost": 288,
		"requiredTech": "Rifling",
		"obsoleteTech": "Replaceable Parts",
		"upgradesTo": "Great War Infantry",
		"uniques":["[+10]% Strength <vs [Military] units> <when defending>", "Consumes [-1] [Number of Fighters] <for [Palestine] Civilizations>  <hidden from users>"]
		"promotions": ["Drill I", "Drill II"],
		"attackSound": "shot"	
	},
	{
		"name": "Andean Army",
		"unitType": "Foot Soldier",
		"movement": 2,
		"strength": 34,
		"cost": 320,
		"replaces": "Rifleman",
		"uniqueTo": "Argentina",
		"requiredTech": "Rifling",
		"obsoleteTech": "Replaceable Parts",
		"upgradesTo": "Great War Infantry",
		"promotions": ["[Andean Army] ability"],
		"uniques":["[+10]% Strength <vs [Military] units> <when defending>", "Consumes [-1] [Number of Fighters] <for [Palestine] Civilizations>  <hidden from users>"]
		"attackSound": "shot"		
	},
	{
		"name": "Great War Infantry",
		"unitType": "Foot Soldier",
		"movement": 2,
		"strength": 50,
		"cost": 510,
		"requiredTech": "Replaceable Parts",
		"upgradesTo": "Infantry",
		"obsoleteTech": "Materials Science",
		"uniques":["[+10]% Strength <vs [Military] units> <when defending>", "Consumes [-1] [Number of Fighters] <for [Palestine] Civilizations>  <hidden from users>"]
		"attackSound": "shot"	
	},
	{
		"name": "Foreign Legion",
		"unitType": "Foot Soldier",
		"replaces": "Great War Infantry",
		"uniqueTo": "France",
		"movement": 2,
		"strength": 50,
		"cost": 510,
		"requiredTech": "Replaceable Parts",
		"upgradesTo": "Infantry",
		"obsoleteTech": "Materials Science",
		"uniques": ["[+20]% Strength <when fighting in [Foreign Land] tiles>","[+10]% Strength <vs [Military] units> <when defending>", "Consumes [-1] [Number of Fighters] <for [Palestine] Civilizations>  <hidden from users>"],
		"attackSound": "shot"
    },
	{
		"name": "Miner Corps",
		"unitType": "Foot Soldier",
		"replaces": "Great War Infantry",
		"uniqueTo": "Australia",
		"movement": 2,
		"strength": 50,
		"cost": 484,
		"requiredTech": "Replaceable Parts",
		"upgradesTo": "Infantry",
		"obsoleteTech": "Materials Science",
		"uniques":["[+10]% Strength <vs [Military] units> <when defending>", "Consumes [-1] [Number of Fighters] <for [Palestine] Civilizations>  <hidden from users>"]
		"promotions": ["[Miner Corps] ability"],
		"attackSound": "shot"	
	},
	{
		"name": "Infantry",
		"unitType": "Foot Soldier",
		"movement": 2,
		"strength": 70,
		"cost": 620,
		"requiredTech": "Materials Science",
		"upgradesTo": "Mechanized Infantry",
		"uniques":["[+10]% Strength <vs [Military] units> <when defending>", "Consumes [-1] [Number of Fighters] <for [Palestine] Civilizations>  <hidden from users>"]
		"attackSound": "shot"	
	},
	{
		"name": "Cobra Commando",
		"unitType": "Foot Soldier",
		"replaces": "Infantry",
		"uniqueTo": "Serbia",
		"movement": 4,
		"strength": 70,
		"cost": 660,
		"requiredTech": "Materials Science",
		"upgradesTo": "Mechanized Infantry",
		"uniques":["[+10]% Strength <vs [Military] units> <when defending>", "Consumes [-1] [Number of Fighters] <for [Palestine] Civilizations>  <hidden from users>"]
		"attackSound": "shot"		
	},
	{
		"name": "Paratrooper",
		"unitType": "Foot Soldier",
		"movement": 2,
		"strength": 65,
		"cost": 620,
		"requiredTech": "Radar",
		"uniques": ["May Paradrop up to [5] tiles from inside friendly territory","[+10]% Strength <vs [Military] units> <when defending>", "Consumes [-1] [Number of Fighters] <for [Palestine] Civilizations>  <hidden from users>"],
		"attackSound": "shot"	
	},
	{
		"name": "Cuban International Revolutionary Fighter",
		"unitType": "Foot Soldier",
		"replaces": "Paratrooper",
		"uniqueTo": "Cuba",
		"movement": 2,
		"strength": 70,
		"cost": 620,
		"requiredTech": "Radar",
		"uniques": ["May Paradrop up to [8] tiles from inside friendly territory","[+10]% Strength <vs [Military] units> <when defending>", "Consumes [-1] [Number of Fighters] <for [Palestine] Civilizations>  <hidden from users>"],
		"attackSound": "shot"			
	},
	{
		"name": "Mechanized Infantry",
		"unitType": "Foot Soldier",
		"movement": 3,
		"strength": 90,
		"cost": 720,
		"requiredTech": "Robotics",
		"uniques":["Costs [10] [Aluminum]", "[+10]% Strength <vs [Military] units> <when defending>", "[This Unit] heals [10] HP <costs [1] [Aluminum]> <for [1] movement>"]
		"attackSound": "tankshot"
			
	// 射手
	},
	{
		"name": "Archer",
		"unitType": "Shooter",
		"movement": 2,
		"strength": 5,
		"rangedStrength": 7,
		"cost": 35,
		"requiredTech": "Trapping",
		"obsoleteTech": "Iron Working",
		"upgradesTo": "Composite Bowman",
		"uniques":["[+10]% Strength <vs [Anti-Mobile] units> <when attacking>"]
		"attackSound": "arrow"
	},
	{
		"name": "Slinger",
		"unitType": "Shooter",
		"uniqueTo": "Inca",
		"replaces": "Archer",
		"movement": 2,
		"strength": 5,
		"rangedStrength": 7,
		"cost": 35,
		"requiredTech": "Trapping",
		"obsoleteTech": "Iron Working",
		"upgradesTo": "Composite Bowman",
		"uniques":["[+20]% Strength <vs [Barbarian] units> <when attacking>", "Withdraws before melee combat <with [80]% chance>"]
		"attackSound": "arrow"	
	},
	{
		"name": "Atlatlist",
	    "unitType": "Shooter",
		"movement": 2,
		"strength": 5,
		"rangedStrength": 7,
		"cost": 30,
		"obsoleteTech": "Iron Working",
		"replaces": "Archer",
		"uniqueTo": "The Maya",
		"upgradesTo": "Composite Bowman",
		"uniques":["[+10]% Strength <vs [Anti-Mobile] units> <when attacking>"]
		"attackSound": "arrow"	
	},
	{
		"name": "Bowman",
		"unitType": "Shooter",
		"movement": 2,
		"strength": 6,
		"rangedStrength": 8,
		"cost": 35,
	    "requiredTech": "Trapping",
		"obsoleteTech": "Iron Working",
		"upgradesTo": "Composite Bowman",
		"replaces": "Archer",
		"uniqueTo": "Babylon",
		"uniques":["[+10]% Strength <vs [Anti-Mobile] units> <when attacking>"]
		"attackSound": "arrow"
	},
	{
		"name": "Clan Archer",
		"unitType": "Shooter",
		"replaces": "Archer",
		"uniqueTo": "Sumusuming",
		"movement": 2,
		"strength": 5,
		"rangedStrength": 7,
		"cost": 40,
		"requiredTech": "Trapping",
	    "obsoleteTech": "Steel",
		"upgradesTo": "Crossbowman",
		"uniques":["[+10]% Strength <vs [Anti-Mobile] units> <when attacking>"],
		"promotions": ["[Clan Archer] ability"],
		"attackSound": "arrow"
	},
	{
		"name": "Chariot Archer",
		"unitType": "Shooter",
		"movement": 4,
		"strength": 7,
		"rangedStrength": 10,
		"cost": 60,
		"requiredTech": "The Wheel",
		"upgradesTo": "Knight",
		"obsoleteTech": "Chivalry",
		"uniques": ["Consumes [1] [Horses]",  "No defensive terrain bonus", "Rough terrain penalty","[+10]% Strength <vs [Anti-Mobile] units> <when attacking>"],
		"attackSound": "arrow"	
	},
	{
		"name": "War Chariot",
		"unitType": "Shooter",
		"uniqueTo": "Egypt",
		"replaces": "Chariot Archer",
		"movement": 5,
		"strength": 7,
		"rangedStrength": 10,
		"cost": 60,
		"requiredTech": "The Wheel",
		"upgradesTo": "Knight",
		"obsoleteTech": "Chivalry",
		"uniques": ["No defensive terrain bonus", "Rough terrain penalty", "[+10]% Strength <vs [Anti-Mobile] units> <when attacking>"],
		"attackSound": "arrow"		
	},
	{
		"name": "War Elephant",
		"unitType": "Shooter",
		"uniqueTo": "India",
		"replaces": "Chariot Archer",
		"movement": 3,
		"strength": 10,
		"rangedStrength": 11,
		"cost": 75,
		"requiredTech": "The Wheel",
		"upgradesTo": "Knight",
		"obsoleteTech": "Chivalry",
		"uniques": ["No defensive terrain bonus", "[+10]% Strength <vs [Anti-Mobile] units> <when attacking>"],
		"attackSound": "elephant"	
	},
	{
		"name": "Horse Archer",
		"unitType": "Shooter",
		"uniqueTo": "The Huns",
		"replaces": "Chariot Archer",
		"movement": 4,
		"strength": 8,
		"rangedStrength": 10,
		"cost": 60,
	    "requiredTech": "The Wheel",
		"upgradesTo": "Knight",
		"obsoleteTech": "Chivalry",
		"uniques": ["Consumes [1] [Horses]",  "No defensive terrain bonus","[+10]% Strength <vs [Anti-Mobile] units> <when attacking>"],
		"attackSound": "arrow"		
	},
	{
		"name": "Ancient Chinese Chariot",
		"unitType": "Foot Soldier",
		"uniqueTo": "China",
		"replaces": "Chariot Archer",
		"range": 1,
		"movement": 4,
		"strength": 10,
		"rangedStrength": 10,
		"cost": 60,
	    "requiredTech": "The Wheel",
		"upgradesTo": "Knight",
		"obsoleteTech": "Chivalry",
		"uniques": ["Consumes [1] [Horses]",  "Can move after attacking", "No defensive terrain bonus", "Rough terrain penalty", "[+10]% Strength <vs [Military] units> <when defending>"],
		"attackSound": "arrow"
	},
	{
		"name": "Composite Bowman",
		"unitType": "Shooter",
		"movement": 2,
		"strength": 7,
		"rangedStrength": 11,
		"cost": 60,
		"requiredTech": "Iron Working",
		"obsoleteTech": "Steel",
		"upgradesTo": "Crossbowman",
		"uniques":["[+10]% Strength <vs [Anti-Mobile] units> <when attacking>"]
		"attackSound": "arrow"
	},
	{
		"name": "Yin Archer",
		"unitType": "Shooter",
		"uniqueTo": "Khitay Empire",
		"replaces": "Composite Bowman",
		"movement": 2,
		"strength": 7,
		"rangedStrength": 11,
		"cost": 60,
		"requiredTech": "Iron Working",
		"obsoleteTech": "Steel",
		"upgradesTo": "Crossbowman",
		"uniques":["[+10]% Strength <vs [Anti-Mobile] units> <when attacking>"]
		"promotions": ["[Yin Archer] ability"],
		"attackSound": "arrow"
	},
	{
		"name": "Armored Archer",
		"unitType": "Shooter",
		"uniqueTo": "Iron Blood Kingdom",
		"replaces": "Composite Bowman",
		"movement": 2,
		"strength": 9,
		"rangedStrength": 11,
		"cost": 66,
		"requiredTech": "Iron Working",
		"obsoleteTech": "Steel",
		"upgradesTo": "Crossbowman",
		"uniques":["[+10]% Strength <vs [Anti-Mobile] units> <when attacking>"]
		"promotions": ["Indirect Fire"],
		"attackSound": "arrow"
	},
	{
		"name": "Mobile Archer",
		"unitType": "Shooter",
		"replaces": "Composite Bowman",
		"uniqueTo": "Scythian",
		"movement": 2,
		"strength": 6,
		"rangedStrength": 11,
		"cost": 60,
		"requiredTech": "Iron Working",
		"obsoleteTech": "Steel",
		"upgradesTo": "Crossbowman",
		"promotions": ["[Mobile Archer] ability"],
		"uniques":["[+10]% Strength <vs [Anti-Mobile] units> <when attacking>"]
		"attackSound": "arrow"		
    },
	{
		"name": "Crossbowman",
		"unitType": "Shooter",
		"movement": 2,
		"strength": 13,
		"rangedStrength": 18,
		"cost": 145,
		"requiredTech": "Steel",
		"upgradesTo": "Gatling Gun",
		"obsoleteTech": "Military Science",
		"uniques":["[+10]% Strength <vs [Anti-Mobile] units> <when attacking>"]
		"attackSound": "arrow"	
	},
	{
		"name": "Longbowman",
		"unitType": "Shooter",
		"range": 2,
		"movement": 2,
		"strength": 13,
		"rangedStrength": 18,
		"replaces": "Crossbowman",
		"uniqueTo": "England",
		"cost": 160,
		"requiredTech": "Steel",
		"upgradesTo": "Gatling Gun",
		"obsoleteTech": "Military Science",
		"uniques":["[+10]% Strength <vs [Anti-Mobile] units> <when attacking>"]
		"promotions": ["Additional Range"],
		"attackSound": "arrow"	
	},
	{
		"name": "Chu-Ko-Nu",
		"unitType": "Shooter",
		"uniqueTo": "China",
		"movement": 2,
		"strength": 13,
		"rangedStrength": 14,
		"replaces": "Crossbowman",
		"cost": 160,
	    "requiredTech": "Steel",
		"upgradesTo": "Gatling Gun",
		"obsoleteTech": "Military Science",
		"uniques":["[+10]% Strength <vs [Anti-Mobile] units> <when attacking>"]
		"promotions": ["[Chu-Ko-Nu] ability"],
		"attackSound": "crossbow"	
	},
	{
		"name": "Gatling Gun",
		"unitType": "Shooter",
		"range": 2,
		"movement": 2,
		"strength": 30,
		"rangedStrength": 30,
		"cost": 320,
		"requiredTech": "Military Science",
	    "uniques":["[+10]% Strength <vs [Anti-Mobile] units> <when attacking>"]
		"upgradesTo": "Machine Gun",
		"obsoleteTech": "Ballistics",
		"attackSound": "machinegun"	
	},
	{
		"name": "Machine Gun",
		"unitType": "Shooter",
		"range": 2,
		"movement": 2,
		"strength": 60,
		"rangedStrength": 60,
		"cost": 620,
		"requiredTech": "Ballistics",
		"uniques":["[+10]% Strength <vs [Anti-Mobile] units> <when attacking>"]
		"upgradesTo": "Mechanized Infantry",
		"attackSound": "machinegun"	
	},
	{
		"name": "Bazooka",
		"unitType": "Shooter",
		"uniqueTo": "Afghanistan",
		"replaces": "Machine Gun",
	    "range": 2,
		"movement": 2,
		"strength": 50,
		"rangedStrength": 55,
		"cost": 465,
		"requiredTech": "Ballistics",
	    "uniques":["[+10]% Strength <vs [Anti-Mobile] units> <when attacking>", "[+50]% Strength <vs [Mobile] units>"]
	    "upgradesTo": "Mechanized Infantry",
		"attackSound": "machinegun"
		
	// 机动部队
	},
	{
		"name": "Horseman",
		"unitType": "Mobile",
		"movement": 4,
		"strength": 13,
		"cost": 65,
		"requiredTech": "Horseback Riding",
		"upgradesTo": "Knight",
		"obsoleteTech": "Chivalry",
		"uniques": ["Consumes [1] [Horses]",  "Can move after attacking", "No defensive terrain bonus", "[+10]% Strength <when fighting in [Open terrain] tiles> <when attacking>", "[-33]% Strength <vs cities> <when attacking>"],
		"attackSound": "horse"
	},
	{
		"name": "Companion Cavalry",
		"unitType": "Mobile",
		"uniqueTo": "Macedonia",
		"replaces": "Horseman",
		"movement": 4,
		"strength": 13,
		"cost": 65,
		"requiredTech": "Horseback Riding",
		"upgradesTo": "Knight",
		"obsoleteTech": "Chivalry",
		"promotions": ["[Companion Cavalry] ability"],
		"uniques": ["Consumes [1] [Horses]",  "Can move after attacking", "No defensive terrain bonus", "[+10]% Strength <when fighting in [Open terrain] tiles> <when attacking>", "[-33]% Strength <vs cities> <when attacking>"],
		"attackSound": "horse"	
	},
	{
		"name": "Cataphract",
		"unitType": "Mobile",
		"uniqueTo": "Byzantium",
		"replaces": "Horseman",
		"movement": 3,
		"strength": 15,
		"cost": 65,
		"requiredTech": "Horseback Riding",
		"upgradesTo": "Knight",
		"obsoleteTech": "Chivalry",
		"uniques": ["Consumes [1] [Horses]",  "Can move after attacking", "[+10]% Strength <when fighting in [Open terrain] tiles> <when attacking>", "[-33]% Strength <vs cities> <when attacking>"],
		"attackSound": "horse"	
	},
	{
		"name": "African Forest Elephant",
		"unitType": "Mobile",
		"uniqueTo": "Carthage",
		"replaces": "Horseman",
		"movement": 3,
		"strength": 14,
		"cost": 78,
        "requiredTech": "Horseback Riding",
		"upgradesTo": "Knight",
		"obsoleteTech": "Chivalry",
		"promotions": ["[African Forest Elephant] ability"],	
		"uniques": ["Can move after attacking", "No defensive terrain bonus", "[-10]% Strength for enemy [Military] units in adjacent [All] tiles"],
		"attackSound": "elephant"
	},
	{
		"name": "Heavy Spear Cavalry",
		"unitType": "Mobile",
		"uniqueTo": "Lydia",
		"replaces": "Horseman",
		"movement": 4,
		"strength": 13,
		"cost": 65,
	    "requiredTech": "Horseback Riding",
		"upgradesTo": "Knight",
		"obsoleteTech": "Chivalry",
		"uniques": ["Consumes [1] [Horses]",  "Can move after attacking", "No defensive terrain bonus", "[+10]% Strength <when fighting in [Open terrain] tiles> <when attacking>", "[-33]% Strength <vs cities> <when attacking>"],
        "promotions": ["[Heavy Spear Cavalry] ability"],
		"attackSound": "horse"
	},
	{
		"name": "Red Mirror Horseman",
		"unitType": "Mobile",
		"uniqueTo": "Khitay Empire",
		"replaces": "Horseman",
		"movement": 4,
		"strength": 13,
		"cost": 65,
		"requiredTech": "Horseback Riding",
		"upgradesTo": "Knight",
		"obsoleteTech": "Chivalry",
		"uniques": ["Consumes [1] [Horses]",  "Can move after attacking", "No defensive terrain bonus", "[+10]% Strength <when fighting in [Open terrain] tiles> <when attacking>", "[-33]% Strength <vs cities> <when attacking>"],
		"promotions": ["[Red Mirror Horseman] ability"],
		"attackSound": "horse"
	},
	{
		"name": "Guards Horseman",
		"unitType": "Mobile",
		"uniqueTo": "Iron Blood Kingdom",
		"replaces": "Horseman",
		"movement": 4,
		"strength": 13,
		"cost": 65,
		"requiredTech": "Horseback Riding",
		"upgradesTo": "Knight",
		"obsoleteTech": "Chivalry",
		"uniques": ["Consumes [1] [Horses]",  "Can move after attacking", "No defensive terrain bonus", "[+10]% Strength <when fighting in [Open terrain] tiles> <when attacking>", "[-33]% Strength <vs cities> <when attacking>"],
		"promotions": ["Charge I"],
		"attackSound": "horse"
	},
	{
		"name": "Knight",
		"unitType": "Mobile",
		"movement": 4,
		"strength": 20,
		"cost": 150,
		"requiredTech": "Chivalry",
		"obsoleteTech": "Military Science",
		"upgradesTo": "Cavalry",
		"uniques": ["Consumes [1] [Horses]", "Costs [10] [Iron]",  "Can move after attacking","No defensive terrain bonus", "[+10]% Strength <when fighting in [Open terrain] tiles> <when attacking>", "[-33]% Strength <vs cities> <when attacking>", "[This Unit] heals [10] HP <costs [1] [Iron]> <for [2] movement>"],
		"attackSound": "horse"	
	},
	{
		"name": "Camel Archer",
		"unitType": "Shooter",
		"replaces": "Knight",
		"uniqueTo": "Arabia",
		"movement": 4,
		"strength": 17,
		"rangedStrength": 18,
		"cost": 165,
		"requiredTech": "Chivalry",
		"obsoleteTech": "Military Science",
		"upgradesTo": "Cavalry",
		"uniques": ["Consumes [1] [Horses]",  "Can move after attacking","No defensive terrain bonus","[+10]% Strength <vs [Anti-Mobile] units> <when attacking>"],
		"attackSound": "arrow"	
	},
	{
		"name": "Keshik",
		"unitType": "Shooter",
		"replaces": "Knight",
		"uniqueTo": "Mongolia",
		"range": 2,
		"movement": 5,
		"strength": 15,
		"rangedStrength": 15,
		"cost": 158,
		"requiredTech": "Chivalry",
		"obsoleteTech": "Military Science",
		"upgradesTo": "Cavalry",
		"uniques": ["Consumes [1] [Horses]", "Costs [10] [Iron]",  "Can move after attacking","No defensive terrain bonus", "[+10]% Strength <vs [Anti-Mobile] units> <when attacking>", "[This Unit] heals [10] HP <costs [1] [Iron]> <for [2] movement>"],
		"promotions": ["[Keshik] ability"],
		"attackSound": "arrow"	
	},
	{
		"name": "Cossack",
		"unitType": "Mobile",
		"replaces": "Knight",
		"uniqueTo": "Russia",
		"movement": 4,
		"strength": 21,
		"cost": 162,
		"requiredTech": "Chivalry",
		"obsoleteTech": "Military Science",
		"upgradesTo": "Cavalry",
		"uniques": ["Consumes [1] [Horses]", "Costs [10] [Iron]",  "Can move after attacking","No defensive terrain bonus", "[+10]% Strength <when fighting in [Open terrain] tiles> <when attacking>", "[-33]% Strength <vs cities> <when attacking>", "[This Unit] heals [10] HP <costs [1] [Iron]> <for [2] movement>"],
		"promotions": ["[Cossack] ability"],
		"attackSound": "horse"	
	},
	{
		"name": "Conquistador",
	    "unitType": "Mobile",
		"replaces": "Knight",
		"uniqueTo": "Spain",
		"movement": 4,
		"strength": 20,
		"cost": 150,
	    "requiredTech": "Chivalry",
		"obsoleteTech": "Military Science",
		"upgradesTo": "Cavalry",
		"uniques": ["Consumes [1] [Horses]", "Costs [10] [Iron]",  "Can move after attacking","No defensive terrain bonus", "[+10]% Strength <when fighting in [Open terrain] tiles> <when attacking>", "[-33]% Strength <vs cities> <when attacking>", "[+20]% Strength <when attacking> <on foreign continents>", "[+2] Sight", "[This Unit] heals [10] HP <costs [1] [Iron]> <for [2] movement>"],
		"promotions": ["[Conquistador] ability"],
		"attackSound": "horse"	
	},
	{
		"name": "Vietnam War Elephant",
		"unitType": "Mobile",
		"replaces": "Knight",
		"uniqueTo": "Vietnam",
		"movement": 3,
		"strength": 24,
		"cost": 162,
        "requiredTech": "Chivalry",
		"obsoleteTech": "Military Science",
		"upgradesTo": "Cavalry",
		"uniques": ["Costs [10] [Iron]", "Can move after attacking","No defensive terrain bonus", "[+10]% Strength <when fighting in [Open terrain] tiles> <when attacking>", "[This Unit] heals [10] HP <costs [1] [Iron]> <for [2] movement>"],
		"attackSound": "arrow"			
    },
	{
		"name": "Templar Knight",
		"unitType": "Mobile",
		"replaces": "Knight",
		"uniqueTo": "Vatican",
		"movement": 4,
		"strength": 20,
		"cost": 150,
		"requiredTech": "Chivalry",
		"obsoleteTech": "Military Science",
		"upgradesTo": "Cavalry",
		"uniques": ["Consumes [1] [Horses]", "Costs [10] [Iron]", "Can be purchased for [200] [Faith] [in cities following our religion]", "Can move after attacking","No defensive terrain bonus", "[+10]% Strength <when fighting in [Open terrain] tiles> <when attacking>", "[-33]% Strength <vs cities> <when attacking>", "[This Unit] heals [10] HP <costs [1] [Iron]> <for [2] movement>"],
		"promotions": ["[Templar Knight] ability"],
		"attackSound": "horse"		
	},
	{
		"name": "Naresuan's Elephant",
		"unitType": "Mobile",
		"replaces": "Knight",
		"uniqueTo": "Siam",
		"movement": 3,
		"strength": 24,
		"cost": 162,
		"requiredTech": "Chivalry",
		"obsoleteTech": "Military Science",
		"upgradesTo": "Cavalry",
		"uniques": ["Costs [10] [Iron]", "Can move after attacking","No defensive terrain bonus", "[+10]% Strength <when fighting in [Open terrain] tiles> <when attacking>", "[This Unit] heals [10] HP <costs [1] [Iron]> <for [2] movement>", "[+33]% Strength <vs [Mobile] units>", "[-33]% Strength <vs cities> <when attacking>",],
		"attackSound": "elephant"
	},
	{
		"name": "Mandekalu Cavalry",
		"unitType": "Mobile",
		"uniqueTo": "Songhai",
		"replaces": "Knight",	
		"movement": 4,
		"strength": 20,
		"cost": 150,
		"requiredTech": "Chivalry",
		"obsoleteTech": "Military Science",
		"upgradesTo": "Cavalry",
		"uniques": ["Consumes [1] [Horses]", "Costs [10] [Iron]", "Can be purchased for [100] [Culture] [in all cities]", "Earn [100]% of killed [Military] unit's [Strength] as [Culture]", "Can move after attacking", "[Target Unit] gains the [[Mandekalu Cavalry] ability] status for [3] turn(s) <upon damaging a [Military] unit>", "No defensive terrain bonus", "[+10]% Strength <when fighting in [Open terrain] tiles> <when attacking>", "[This Unit] heals [10] HP <costs [1] [Iron]> <for [2] movement>"],
		"attackSound": "horse"	
	},
	{
		"name": "Elite Cavalry",
		"unitType": "Mobile",
		"uniqueTo": "Turk",
		"replaces": "Knight",	
		"movement": 5,
		"strength": 20,
		"cost": 165,
		"requiredTech": "Chivalry",
		"obsoleteTech": "Military Science",
		"upgradesTo": "Cavalry",
		"uniques": ["Consumes [1] [Horses]", "Costs [10] [Iron]",  "Can move after attacking","No defensive terrain bonus", "[+10]% Strength <when fighting in [Open terrain] tiles> <when attacking>", "[-33]% Strength <vs cities> <when attacking>", "[This Unit] heals [10] HP <costs [1] [Iron]> <for [2] movement>"],
		"promotions": ["[Elite Cavalry] ability"],
		"attackSound": "horse"	
	},
	{
		"name": "Cavalry",
		"unitType": "Mobile",
		"movement": 4,
		"strength": 34,
		"cost": 325,
		"requiredTech": "Military Science",
		"obsoleteTech": "Combustion",
		"upgradesTo": "Landship",
		"uniques": ["Consumes [1] [Horses]",  "Can move after attacking","No defensive terrain bonus", "[+10]% Strength <when fighting in [Open terrain] tiles> <when attacking>", "[-33]% Strength <vs cities> <when attacking>"],
		"attackSound": "shot"	
	},
	{
		"name": "Cowboy Cavalry",
		"unitType": "Mobile",
		"uniqueTo": "Columbia",
		"replaces": "Cavalry",	
		"movement": 5,
		"strength": 34,
		"cost": 293,
		"requiredTech": "Military Science",
		"obsoleteTech": "Combustion",
		"upgradesTo": "Landship",
		"uniques": ["Consumes [1] [Horses]",  "Can move after attacking","No defensive terrain bonus", "[+10]% Strength <when fighting in [Open terrain] tiles> <when attacking>", "[-33]% Strength <vs cities> <when attacking>"],
		"attackSound": "shot"   
	},
	{
		"name": "Hussar",
		"replaces": "Cavalry",
		"uniqueTo": "Austria",
		"unitType": "Mobile",
		"strength": 34,
		"cost": 325,
		"movement": 5,
		"requiredTech": "Military Science",
		"obsoleteTech": "Combustion",
		"upgradesTo": "Landship",
		"uniques": ["Consumes [1] [Horses]",  "Can move after attacking","No defensive terrain bonus", "[+10]% Strength <when fighting in [Open terrain] tiles> <when attacking>", "[-33]% Strength <vs cities> <when attacking>", "[+1] Sight"],
		"promotions": ["[Hussar] ability"],
		"attackSound": "horse"
	},
	{
		"name": "Landship",
		"unitType": "Mobile",
		"movement": 4,
		"strength": 65,
		"cost": 650,
		"requiredTech": "Combustion",
		"upgradesTo": "Tank",
		"obsoleteTech": "Combined Arms",
		"uniques": ["Costs [20] [Steels]", "Consumes [1] [Oil]", "Can move after attacking","No defensive terrain bonus", "[+10]% Strength <when fighting in [Open terrain] tiles> <when attacking>", "[This Unit] heals [10] HP <costs [1] [Steels]> <for [2] movement>"],
		"attackSound": "tankshot"
   	},
	{
		"name": "Tank",
		"unitType": "Mobile",
		"movement": 5,
		"strength": 75,
		"cost": 720,
		"requiredTech": "Combined Arms",
		"upgradesTo": "Modern Armor",
		"uniques": ["Costs [20] [Steels]", "Consumes [1] [Oil]", "Can move after attacking","No defensive terrain bonus", "[+10]% Strength <when fighting in [Open terrain] tiles> <when attacking>", "[This Unit] heals [10] HP <costs [1] [Steels]> <for [2] movement>"],
		"attackSound": "tankshot"	
	},
	{
		"name": "T-34",
		"unitType": "Mobile",
		"replaces": "Tank",
		"uniqueTo": "Soviet Union",
		"movement": 5,
		"strength": 80,
		"cost": 670,
		"requiredTech": "Combined Arms",
		"upgradesTo": "Modern Armor",
		"uniques": ["Costs [20] [Steels]", "Consumes [1] [Oil]", "Can move after attacking","No defensive terrain bonus", "[+10]% Strength <when fighting in [Open terrain] tiles> <when attacking>", "[This Unit] heals [10] HP <costs [1] [Steels]> <for [2] movement>"],
		"attackSound": "tankshot"	
	},
	{
		"name": "Panzer",
	    "unitType": "Mobile",
		"replaces": "Tank",
		"uniqueTo": "Germany",
		"movement": 6,
		"strength": 80,
		"cost": 800,
		"requiredTech": "Combined Arms",
		"upgradesTo": "Modern Armor",
	    "uniques": ["Costs [20] [Steels]", "Consumes [1] [Oil]", "Can move after attacking","No defensive terrain bonus", "[+10]% Strength <when fighting in [Open terrain] tiles> <when attacking>", "[This Unit] heals [10] HP <costs [1] [Steels]> <for [2] movement>"],
		"attackSound": "tankshot"	
	},
	{
		"name": "Modern Armor",
		"unitType": "Mobile",
		"movement": 5,
		"strength": 100,
		"cost": 770,
		"requiredTech": "Mobile Tactics",
		"uniques": ["Costs [20] [Aluminum]", "Consumes [1] [Oil]", "Can move after attacking", "No defensive terrain bonus", "[+10]% Strength <when fighting in [Open terrain] tiles> <when attacking>", "[This Unit] heals [10] HP <costs [1] [Aluminum]> <for [2] movement>"],
		"attackSound": "tankshot"	
	},
	{
		"name": "Giant Death Robot",
		"unitType": "Mobile",
		"movement": 5,
		"strength": 150,
		"cost": 1200,
		"requiredTech": "Artificial Intelligence",
		"uniques": ["Costs [25] [Aluminum]", "Costs [30] [Steels]", "Consumes [2] [Uranium]", "Can move after attacking", "No defensive terrain bonus", "[This Unit] heals [10] HP <costs [1] [Steels]> <for [2] movement>", "[This Unit] heals [10] HP <costs [1] [Aluminum]> <for [2] movement>"],
		"attackSound": "gdrAttack"
			
	// 反XX单位
	},
	{
		"name": "Spearman",
		"unitType": "Anti-Mobile",
		"movement": 2,
		"strength": 11,
		"cost": 50,
		"requiredTech": "Bronze Working",
		"obsoleteTech": "Defensive Fortification",
		"upgradesTo": "Pikeman",
		"uniques":["[+50]% Strength <vs [Mobile] units>", "Consumes [-1] [Number of Fighters] <for [Palestine] Civilizations>  <hidden from users>"]
		"attackSound": "metalhit"	
	},
	{
		"name": "Persian Immortal",
		"unitType": "Anti-Mobile",
		"replaces": "Spearman",
		"uniqueTo": "Iran",
		"movement": 2,
		"strength": 11,
	    "cost": 55,
		"requiredTech": "Bronze Working",
		"obsoleteTech": "Defensive Fortification",
		"upgradesTo": "Pikeman",
		"uniques": ["[+50]% Strength <vs [Mobile] units>","Can transform to [Persian Immortal(Ranged)]", "Consumes [-1] [Number of Fighters] <for [Palestine] Civilizations>  <hidden from users>"],
		"promotions":["[Persian Immortal] ability"],
		"attackSound": "metalhit"	
	},
	{
		"name": "Persian Immortal(Ranged)",
		"unitType": "Anti-Mobile",
		"uniqueTo": "Iran",
		"cost": 55,
		"movement": 2,
		"strength": 8,
		"rangedStrength": 9,
		"upgradesTo": "Pikeman",
		"uniques": ["Unbuildable","Cannot be purchased","[+33]% Strength <vs [Mobile] units>","Can transform to [Persian Immortal]"],
		"promotions":["[Persian Immortal] ability"],
		"attackSound": "metalhit"		
	},
	{
		"name": "Hoplite",
		"unitType": "Anti-Mobile",
		"replaces": "Spearman",
		"uniqueTo": "Greece",
		"movement": 2,
		"strength": 13,
		"cost": 55,
		"requiredTech": "Bronze Working",
		"obsoleteTech": "Defensive Fortification",
		"upgradesTo": "Pikeman",
	    "uniques":["[+50]% Strength <vs [Mobile] units>", "Consumes [-1] [Number of Fighters] <for [Palestine] Civilizations>  <hidden from users>"]	
		"attackSound": "metalhit"		
	},
	{
		"name": "Pictish Warrior",
		"unitType": "Anti-Mobile",	
		"replaces": "Spearman",
		"uniqueTo": "Celts",
		"movement": 2,
		"strength": 11,
		"cost": 50,
		"requiredTech": "Bronze Working",
		"obsoleteTech": "Defensive Fortification",
		"upgradesTo": "Pikeman",
		"uniques": ["[+50]% Strength <vs [Mobile] units>", "Earn [50]% of killed [Military] unit's [Strength] as [Faith]", "Consumes [-1] [Number of Fighters] <for [Palestine] Civilizations>  <hidden from users>"],
		"promotions": ["Pictish Courage"],
		"attackSound": "metalhit"	
	},   
	{
		"name": "Pikeman",
		"unitType": "Anti-Mobile",
		"movement": 2,
		"strength": 16,
		"cost": 130,
		"requiredTech": "Defensive Fortification",
		"upgradesTo": "Lancer",
	    "obsoleteTech": "Metallurgy",
        "uniques":["[+50]% Strength <vs [Mobile] units>", "Consumes [-1] [Number of Fighters] <for [Palestine] Civilizations>  <hidden from users>"]	    
		"attackSound": "metalhit"	
	},
	{
		"name": "Landsknecht",
		"unitType": "Anti-Mobile",
		"replaces": "Pikeman",
		"uniqueTo": "Germany",
		"movement": 2,
		"strength": 16,
		"cost": 80,
		"uniques": ["[+50]% Strength <vs [Mobile] units>", "Can move immediately once bought", "Consumes [-1] [Number of Fighters] <for [Palestine] Civilizations>  <hidden from users>"],
		"requiredTech": "Defensive Fortification",
		"upgradesTo": "Lancer",
	    "obsoleteTech": "Metallurgy",
		"attackSound": "metalhit"
	},   
	{
		"name": "Impi",
		"unitType": "Anti-Mobile",
		"replaces": "Pikeman",
		"uniqueTo": "Zulu",
		"movement": 2,
		"strength": 16,
		"cost": 130,
		"requiredTech": "Army Formation",
		"upgradesTo": "Lancer",
	    "obsoleteTech": "Metallurgy",
	    "promotions": ["[Impi] ability"],
        "uniques":["[+50]% Strength <vs [Mobile] units>", "Consumes [-1] [Number of Fighters] <for [Palestine] Civilizations>  <hidden from users>"]	    
		"attackSound": "metalhit"		
	},
	{
		"name": "Lancer",
		"unitType": "Anti-Mobile",
		"movement": 4,
		"strength": 25,
		"cost": 248,
		"requiredTech": "Metallurgy",
		"uniques": ["Consumes [1] [Horses]", "Costs [10] [Steels]", "Can move after attacking","No defensive terrain bonus", "[+33]% Strength <vs [Mobile] units>", "[This Unit] heals [10] HP <costs [1] [Steels]> <for [2] movement>"],
		"promotions": ["Raid I"],
		"upgradesTo": "Anti-Tank Gun",
		"obsoleteTech": "Combined Arms",
		"attackSound": "metalhit"
	},
	{
		"name": "Sipahi",
		"unitType": "Anti-Mobile",
		"replaces": "Lancer",
		"uniqueTo": "Turkey",
		"movement": 5,
		"strength": 25,
		"cost": 248,
		"requiredTech": "Metallurgy",
		"uniques": ["Consumes [1] [Horses]", "Costs [10] [Steels]", "Can move after attacking","No defensive terrain bonus", "[+33]% Strength <vs [Mobile] units>", "[This Unit] heals [10] HP <costs [1] [Steels]> <for [2] movement>"],
		"promotions": ["Raid I"],
	    "upgradesTo": "Anti-Tank Gun",
		"obsoleteTech": "Combined Arms",
		"attackSound": "metalhit"
	},
	{
		"name": "Hakkapeliitta",
		"unitType": "Anti-Mobile",
		"replaces": "Lancer",
		"uniqueTo": "Finland",
		"movement": 4,
		"strength": 25,
		"cost": 248,
		"requiredTech": "Metallurgy",
		"uniques": ["Consumes [1] [Horses]", "Costs [10] [Steels]",  "Can move after attacking","No defensive terrain bonus", "[+33]% Strength <vs [Mobile] units>", "[This Unit] heals [10] HP <costs [1] [Steels]> <for [2] movement>"],
		"promotions": ["[Hakkapeliitta] ability", "Raid I"],
		"upgradesTo": "Anti-Tank Gun",
		"obsoleteTech": "Combined Arms",
		"attackSound": "horse"	
	},
	{
		"name": "Winged Hussar",
		"unitType": "Anti-Mobile",
		"replaces": "Lancer",
		"uniqueTo": "Poland",
		"movement": 5,
		"strength": 27,
		"cost": 270,
		"requiredTech": "Metallurgy",
		"uniques": ["Consumes [1] [Horses]", "Costs [10] [Steels]", "Can move after attacking","No defensive terrain bonus", "[+33]% Strength <vs [Mobile] units>", "[This Unit] heals [10] HP <costs [1] [Steels]> <for [2] movement>"],
		"promotions": ["[Winged Hussar] ability", "Raid I"],
		"upgradesTo": "Anti-Tank Gun",
		"obsoleteTech": "Combined Arms",
		"attackSound": "metalhit"	
	},
	{
		"name": "Anti-Tank Gun",
		"unitType": "Anti-Mobile",
		"movement": 2,
		"strength": 50,
		"cost": 570,
		"requiredTech": "Combined Arms",
		"upgradesTo": "Helicopter Gunship",
		"uniques":["Costs [15] [Steels]", "[+100]% Strength <vs [Mobile] units> <when attacking>", "[This Unit] heals [10] HP <costs [1] [Steels]> <for [1] movement>"]
		"attackSound": "machinegun"
	},
	{
	    "name": "Helicopter Gunship",
		"unitType": "Helicopter",
		"movement": 6,
		"strength": 65,
		"cost": 800,
		"requiredTech": "Computers",
		"uniques": ["Costs [15] [Aluminum]", "No defensive terrain bonus", "Can move after attacking", "All tiles cost 1 movement", "Ignores Zone of Control", "Unable to capture cities","[+66]% Strength <vs [Mobile] units> <when attacking>", "Can pass through impassable tiles", "[This Unit] heals [10] HP <costs [1] [Aluminum]> <for [3] movement>"],
		"attackSound": "machinegun"
	},
	{
		"name": "Anti-Aircraft Gun",
		"unitType": "Anti-Air",
		"movement": 2,
		"interceptRange": 2,
		"strength": 55,
		"cost": 670,
		"requiredTech": "Ballistics",
		"upgradesTo": "Mobile SAM",
		"obsoleteTech": "Rocketry",
		"uniques": ["Costs [15] [Steels]", "[70]% chance to intercept air attacks", "[+150]% Strength <vs [Air] units>", "[+150]% Strength <vs [Helicopter] units>", "[This Unit] heals [10] HP <costs [1] [Steels]> <for [1] movement>"],
		"attackSound": "machinegun"
	},
	{
		"name": "Mobile SAM",
		"unitType": "Anti-Air",
		"movement": 3,
		"interceptRange": 3,
		"strength": 70,
		"cost": 820,
		"requiredTech": "Rocketry",
		"uniques": ["Costs [20] [Aluminum]", "[80]% chance to intercept air attacks", "[+150]% Strength <vs [Air] units>", "[+150]% Strength <vs [Helicopter] units>", "Can carry [2] [Flybomb] units", "[This Unit] heals [10] HP <costs [1] [Aluminum]> <for [2] movement>"],
		"attackSound": "missile"	
		
	// 攻城单位
	},
	{
		"name": "Catapult",
		"unitType": "Siege",
		"movement": 2,
		"strength": 8,
		"rangedStrength": 11,
		"cost": 60,
		"requiredTech": "The Wheel",
		"obsoleteTech": "Chivalry",
		"upgradesTo": "Trebuchet",
		"uniques": ["No defensive terrain bonus","Must set up to ranged attack", "[-1] Sight", "[+200]% Strength <vs cities> <when attacking>", "[+100]% Strength <vs cities> <when defending>", "[+50]% Strength <when fighting in [Fort] tiles> <when attacking>", "[+100]% Strength <when fighting in [Citadel] tiles> <when attacking>"],
		"attackSound": "throw"
	},
	{
		"name": "Ballista",
		"unitType": "Siege",
		"replaces": "Catapult",
		"uniqueTo": "Rome",
		"movement": 2,
		"strength": 6,
		"rangedStrength": 9,
		"range": 3,
		"cost": 72,
	    "requiredTech": "The Wheel",
		"obsoleteTech": "Chivalry",
		"upgradesTo": "Trebuchet",
		"uniques": ["No defensive terrain bonus", "Must set up to ranged attack", "[-1] Sight", "[+100]% Strength <vs cities> <when attacking>", "[+100]% Strength <vs cities> <when defending>", "[+50]% Strength <when fighting in [Fort] tiles> <when attacking>", "[+100]% Strength <when fighting in [Citadel] tiles> <when attacking>"],
		"attackSound": "throw"	
    },
	{
		"name": "Battering Ram",
		"unitType": "Siege",
		"replaces": "Catapult",
		"uniqueTo": "The Huns",
		"movement": 2,
		"strength": 11,
		"cost": 65,
	    "requiredTech": "The Wheel",
		"obsoleteTech": "Chivalry",
		"upgradesTo": "Trebuchet",
		"uniques": ["[+300]% Strength <vs cities> <when attacking>", "No defensive terrain bonus", "[-33]% Strength <when defending> <vs [Melee] units>", "[-1] Sight", "Can only attack [City] units", "[+100]% Strength <vs cities> <when defending>", "[+50]% Strength <when fighting in [Fort] tiles> <when attacking>", "[+100]% Strength <when fighting in [Citadel] tiles> <when attacking>"],
		"attackSound": "throw"    		
	},
	{
		"name": "Trebuchet",
		"unitType": "Siege",
		"movement": 2,
		"strength": 14,
		"rangedStrength": 16,
		"cost": 140,
		"requiredTech": "Chivalry",
		"obsoleteTech": "Gunpowder",
		"upgradesTo": "Cannon",
		"uniques": ["No defensive terrain bonus","Must set up to ranged attack","[-1] Sight",
		"[+200]% Strength <vs cities> <when attacking>", "[+100]% Strength <vs cities> <when defending>", "[+50]% Strength <when fighting in [Fort] tiles> <when attacking>", "[+100]% Strength <when fighting in [Citadel] tiles> <when attacking>"],
		"attackSound": "throw"	
	},
	{
		"name": "Hwach'a",
		"unitType": "Siege",
		"replaces": "Trebuchet",
		"uniqueTo": "Korea",
		"movement": 2,
		"strength": 13,
		"rangedStrength": 27,
		"cost": 154,
		"requiredTech": "Chivalry",
		"obsoleteTech": "Gunpowder",
		"upgradesTo": "Cannon",
		"uniques": ["No defensive terrain bonus","Must set up to ranged attack", "[+50]% Strength <when fighting in [Fort] tiles> <when attacking>", "[+100]% Strength <when fighting in [Citadel] tiles> <when attacking>"],
		"attackSound": "throw"	
	},
	{
		"name": "Cannon",
		"unitType": "Siege",
		"movement": 2,
		"range": 3,
		"strength": 16,
		"rangedStrength": 20,
		"cost": 280,
		"requiredTech": "Gunpowder",
		"upgradesTo": "Artillery",
		"obsoleteTech": "Dynamite",
		"uniques": ["No defensive terrain bonus","Must set up to ranged attack","[-1] Sight", "[+200]% Strength <vs cities> <when attacking>", "[+50]% Strength <when fighting in [Fort] tiles> <when attacking>", "[+100]% Strength <when fighting in [Citadel] tiles> <when attacking>"],
		"attackSound": "cannon",
	},
	{
		"name": "Light Cannon",
		"unitType": "Siege",
		"movement": 3,
		"range": 3,
		"strength": 14,
		"rangedStrength": 20,
		"replaces": "Cannon",
		"uniqueTo": "Sweden",
		"cost": 280,
		"requiredTech": "Gunpowder",
		"upgradesTo": "Artillery",
		"obsoleteTech": "Dynamite",
		"uniques": ["No defensive terrain bonus","Must set up to ranged attack","[-1] Sight", "[+20]% Strength <vs [Military] units> <when attacking>", "[+50]% Strength <when fighting in [Fort] tiles> <when attacking>", "[+100]% Strength <when fighting in [Citadel] tiles> <when attacking>"],
		"attackSound": "cannon"	
	},
	{
		"name": "Artillery",
		"unitType": "Siege",
		"movement": 2,
		"strength": 20,
		"rangedStrength": 28,
		"range": 3,
		"cost": 420,
		"requiredTech": "Dynamite",
	    "obsoleteTech": "Rocketry",
		"upgradesTo": "Rocket Artillery",
		"uniques": ["Costs [20] [Steels]", "No defensive terrain bonus","Must set up to ranged attack","[-1] Sight","[+200]% Strength <vs cities> <when attacking>", "[This Unit] heals [10] HP <costs [1] [Steels]> <for [1] movement>", "[+50]% Strength <when fighting in [Fort] tiles> <when attacking>", "[+100]% Strength <when fighting in [Citadel] tiles> <when attacking>"],
		"promotions": ["Indirect Fire"],
		"attackSound": "artillery"	
	},
	{
		"name": "Rocket Artillery",
		"unitType": "Siege",
		"movement": 2,
		"strength": 45,
		"rangedStrength": 60,
		"range": 3,
		"cost": 800,
		"requiredTech": "Rocketry",
		"uniques": ["Costs [15] [Aluminum]", "No defensive terrain bonus","[-1] Sight","[+200]% Strength <vs cities> <when attacking>","Can carry [1] [Flybomb] units", "[This Unit] heals [10] HP <costs [1] [Aluminum]> <for [1] movement>", "[+50]% Strength <when fighting in [Fort] tiles> <when attacking>", "[+100]% Strength <when fighting in [Citadel] tiles> <when attacking>"],
		"promotions": ["Indirect Fire"],
		"attackSound": "artillery"	
		
	// 近程海军
	},
	{
		"name": "Trireme",
		"unitType": "Melee Water",
		"movement": 4,
		"strength": 10,
		"cost": 40,
		"requiredTech": "Sailing",
		"uniques": [
		"Cannot enter ocean tiles <before discovering [Compass]>"
		],
		"upgradesTo": "Caravel",
		"obsoleteTech": "Astronomy",
		"attackSound": "nonmetalhit"
	},
	{
		"name": "Dromon",
		"unitType": "Ranged Water",
		"uniqueTo": "Byzantium",
		"replaces": "Trireme",
		"movement": 3,
		"strength": 8,
		"rangedStrength": 11,
		"cost": 45,
		"uniques": ["Cannot enter ocean tiles <before discovering [Compass]>", "[+33]% Strength <vs [Water] units> <when attacking>"],
		"requiredTech": "Sailing",
		"upgradesTo": "Caravel",
		"obsoleteTech": "Astronomy",
		"attackSound": "arrow"		
	},
	{
		"name": "Quinquereme",
		"unitType": "Melee Water",
		"uniqueTo": "Carthage",
		"replaces": "Trireme",
		"movement": 4,
		"strength": 13,
		"cost": 40,
		"requiredTech": "Sailing",
		"upgradesTo": "Caravel",
		"obsoleteTech": "Astronomy",
		"attackSound": "nonmetalhit"
	},
	{
		"name": "Caravel",
		"unitType": "Melee Water",
		"movement": 4,
		"strength": 20,
		"cost": 150,
		"requiredTech": "Astronomy",
		"upgradesTo": "Ironclad",
		"obsoleteTech": "Steam Power",
		"uniques": ["[+1] Sight", "Withdraws before melee combat <with [80]% chance>"]
		"attackSound": "cannon"	
	},
	{
		"name": "Turtle Ship",
		"unitType": "Melee Water",
		"replaces": "Caravel",
		"uniqueTo": "Korea",
		"movement": 4,
		"strength": 36,
		"cost": 165,
	    "requiredTech": "Astronomy",
		"upgradesTo": "Ironclad",
		"obsoleteTech": "Steam Power",
		"uniques": ["Cannot enter ocean tiles"],
		"attackSound": "cannon"	
	},
	{
		"name": "Jukung Perang",
		"unitType": "Melee Water",
		"replaces": "Caravel",
		"uniqueTo": "Indonesia",
		"movement": 6,
		"strength": 24,
		"cost": 150,
		"requiredTech": "Astronomy",
		"upgradesTo": "Ironclad",
		"obsoleteTech": "Steam Power",
		"uniques": ["[+1] Sight"]
		"attackSound": "cannon"	
	},
	{
		"name": "Dragon Boat",
		"unitType": "Melee Water",
		"replaces": "Caravel",
		"uniqueTo": "Denmark",
		"movement": 6,
		"strength": 20,
		"cost": 150,
		"requiredTech": "Astronomy",
		"upgradesTo": "Ironclad",
		"obsoleteTech": "Steam Power",
		"promotions": ["Boarding Party I"]
		"uniques": ["[+1] Sight"]
		"attackSound": "cannon"
	},
	{
		"name": "Privateer",
		"unitType": "Melee Water",
		"movement": 4,
		"strength": 26,
		"cost": 203,
		"requiredTech": "Navigation",
		"upgradesTo": "Destroyer",
		"obsoleteTech": "Combustion",
		"promotions": ["Coastal Raider I"],
		"uniques": ["May capture killed [Water] units"],
		"attackSound": "cannon"	
	},
	{
		"name": "Sea Beggar",
		"unitType": "Melee Water",
		"replaces": "Privateer",
		"uniqueTo": "The Netherlands",
		"movement": 4,
		"strength": 26,
		"cost": 203,
		"requiredTech": "Navigation",
		"upgradesTo": "Destroyer",
		"uniques": ["May capture killed [Water] units"],
		"promotions": ["Coastal Raider I", "Coastal Raider II", "Sealift"],
		"attackSound": "cannon"	
	},
	{
		"name": "Ironclad",
		"unitType": "Melee Water",
		"movement": 3,
		"strength": 45,
		"cost": 340,
		"requiredTech": "Steam Power",
		"upgradesTo": "Destroyer",
		"obsoleteTech": "Combustion",
		"uniques": ["Costs [20] [Steels]", "Consumes [1] [Coal]", "[+33]% Strength <vs cities>","Double movement in [Coast]", "[This Unit] heals [10] HP <costs [1] [Steels]> <for [2] movement>"],
		"attackSound": "shipguns"		
	},
	{
		"name": "Destroyer",
		"unitType": "Melee Water",
		"movement": 4,
		"strength": 60,
		"interceptRange": 2,
		"cost": 720,
		"requiredTech": "Combustion",
		"uniques": ["Costs [20] [Steels]", "Consumes [1] [Coal]", "Can see invisible [Submarine] units", "[60]% chance to intercept air attacks", "Withdraws before melee combat <with [80]% chance>", "[+100]% Strength <vs [Submarine] units>", "[+1] Sight", "[This Unit] heals [10] HP <costs [1] [Steels]> <for [2] movement>"],
		"attackSound": "shipguns"	

	// 远程海军
	},
	{
		"name": "Galleass",
		"unitType": "Ranged Water",
		"movement": 3,
		"strength": 16,
		"rangedStrength": 17,
		"cost": 145,
		"requiredTech": "Compass",
		"obsoleteTech": "Navigation",
		"upgradesTo": "Frigate",
		"attackSound": "arrow"
	},
	{
		"name": "Calavera Boat",
		"unitType": "Ranged Water",
		"movement": 4,
		"strength": 16,
		"rangedStrength": 17,
		"cost": 125,
		"replaces": "Galleass",
		"uniqueTo": "Portugal",
		"requiredTech": "Optics",
		"obsoleteTech": "Navigation",
		"upgradesTo": "Frigate",
		"uniques": ["Cannot enter ocean tiles <before discovering [Compass]>"],
		"attackSound": "arrow"
	},
	{
		"name": "Frigate",
		"unitType": "Ranged Water",
		"movement": 3,
		"strength": 25,
		"rangedStrength": 28,
		"cost": 239,
		"requiredTech": "Navigation",
		"obsoleteTech": "Electronics",
		"upgradesTo": "Battleship",
		"attackSound": "cannon"	
	},
	{
		"name": "Ship of the Line",
		"unitType": "Ranged Water",
		"replaces": "Frigate",
		"uniqueTo": "England",
		"movement": 3,
		"strength": 30,
		"rangedStrength": 35,
		"cost": 275,
		"requiredTech": "Navigation",
		"obsoleteTech": "Electronics",
		"upgradesTo": "Battleship",
		"attackSound": "cannon"	
	},
	{
		"name": "Battleship",
		"unitType": "Ranged Water",
		"movement": 4,
		"strength": 50,
		"rangedStrength": 60,
		"range": 4,
		"cost": 745,
		"requiredTech": "Electronics",
		"uniques": ["Costs [20] [Steels]", "Consumes [1] [Oil]", "[This Unit] heals [10] HP <costs [1] [Steels]> <for [2] movement>"],
		"promotions": ["Indirect Fire"],
		"attackSound": "shipguns"
	},
	{
		"name": "Minas Gerais Battleship",
		"unitType": "Ranged Water",
		"replaces": "Battleship",
		"uniqueTo": "Brazil",
		"movement": 4,
		"strength": 40,
		"rangedStrength": 70,
		"range": 4,
		"cost": 700,
		"requiredTech": "Electronics",
		"uniques": ["Costs [20] [Steels]", "Consumes [1] [Oil]", "[This Unit] heals [10] HP <costs [1] [Steels]> <for [2] movement>"],
		"promotions": ["Indirect Fire"],
		"attackSound": "shipguns"	
	},
	{
		"name": "Almirante Battleship",
		"unitType": "Ranged Water",
		"replaces": "Battleship",
		"uniqueTo": "Chile",
		"movement": 4,
		"strength": 60,
		"rangedStrength": 60,
		"range": 4,
		"cost": 745,
		"requiredTech": "Electronics",
		"uniques": ["Costs [20] [Steels]","Consumes [1] [Oil]", "[This Unit] heals [10] HP <costs [1] [Steels]> <for [2] movement>"],
		"promotions": ["Indirect Fire"],
		"attackSound": "shipguns"	
	},
	{
		"name": "Missile Cruiser",
		"unitType": "Ranged Water",
		"movement": 5,
		"strength": 80,
		"rangedStrength": 100,
		"range": 4,
		"interceptRange": 3,
		"cost": 1000,
		"requiredTech": "Internetwork",
		"uniques": ["Costs [15] [Aluminum]", "Consumes [1] [Oil]", "[70]% chance to intercept air attacks", "Can see invisible [Submarine] units", "Can carry [4] [Flybomb] units", "[+100]% Strength <vs [Submarine] units>", "[This Unit] heals [10] HP <costs [1] [Aluminum]> <for [2] movement>"],
		"promotions": ["Indirect Fire", "Additional Range"],
		"attackSound": "shipguns"	
			
	//海军运输单位
	},
	{
		"name": "Carrier",
		"unitType": "Water Carrier",
		"movement": 4,
		"strength": 70,
		"cost": 800,
		"requiredTech": "Electronics",
		"uniques": ["Costs [15] [Aluminum]", "Costs [15] [Steels]", "Consumes [1] [Oil]", "Cannot attack", "Can carry [6] [Aircraft] units", "[This Unit] heals [10] HP <costs [1] [Aluminum]> <for [2] movement>"]
		
	// 潜艇
	},
	{
		"name": "Submarine",
		"unitType": "Submarine",
		"movement": 4,
		"strength": 35,
		"rangedStrength": 60,
		"cost": 655,
		"requiredTech": "Radio",
		"upgradesTo": "Nuclear Submarine",
		"uniques": ["Costs [15] [Aluminum]", "[+75]% Strength <when attacking>", "Can only attack [Water] tiles", "Can carry [1] [Flybomb] units", "Can enter ice tiles", "Invisible to non-adjacent units", "Can see invisible [Submarine] units", "[This Unit] heals [10] HP <costs [1] [Aluminum]> <for [2] movement>"],
		"attackSound": "torpedo"
    },
	{
		"name": "Nuclear Submarine",
		"unitType": "Submarine",
		"movement": 5,
		"strength": 50,
		"range": 3,
		"rangedStrength": 85,
		"cost": 850,
		"requiredTech": "Telecommunications",
		"uniques": ["Costs [20] [Aluminum]", "Consumes [1] [Uranium]", "[+75]% Strength <when attacking>", "Can only attack [Water] tiles", "[+1] Sight", "Can carry [2] [Flybomb] units", "Can enter ice tiles", "Invisible to non-adjacent units", "Can see invisible [Submarine] units", "[This Unit] heals [10] HP <costs [1] [Aluminum]> <for [2] movement>"],
		"attackSound": "torpedo"
		
	// 战斗机
	},
	{
		"name": "Triplane",
		"unitType": "Fighter",
		"movement": 1,
		"strength": 40,
		"rangedStrength": 40,
		"range": 5,
		"interceptRange": 5,
		"cost": 620,
		"requiredTech": "Flight",
		"requiredResource": "Oil",
		"upgradesTo": "Fighter",
		"obsoleteTech": "Radar",
		"uniques": ["[50]% chance to intercept air attacks", "[+150]% Strength <vs [Bomber] units>", "[+100]% Strength <vs [Helicopter] units>", "[+4] Sight", "Can see over obstacles", "Can perform Air Sweep"],
		"attackSound": "machinegun"
	},
	{
		"name": "Fighter",
		"unitType": "Fighter",
		"movement": 1,
		"strength": 50,
		"rangedStrength": 50,
		"range": 7,
		"interceptRange": 7,
		"cost": 720,
		"requiredTech": "Radar",
		"requiredResource": "Oil",
		"upgradesTo": "Jet Fighter",
		"uniques": ["Costs [10] [Aluminum]", "[80]% chance to intercept air attacks", "[+150]% Strength <vs [Bomber] units>", "[+100]% Strength <vs [Helicopter] units>", "[+4] Sight", "Can see over obstacles", "Can perform Air Sweep", "[This Unit] heals [10] HP <costs [1] [Aluminum]> <for [1] movement>"],
		"attackSound": "machinegun"
	},
	{
		"name": "Jet Fighter",
		"unitType": "Fighter",
		"movement": 1,
		"strength": 75,
		"rangedStrength": 75,
		"range": 9,
		"interceptRange": 9,
		"cost": 820,
		"requiredTech": "Particle Physics",
		"requiredResource": "Oil",
		"uniques": ["Costs [20] [Aluminum]", "[90]% chance to intercept air attacks", "[+150]% Strength <vs [Bomber] units>", "[+100]% Strength <vs [Helicopter] units>","[+4] Sight", "Can see over obstacles", "Can perform Air Sweep", "[This Unit] heals [10] HP <costs [1] [Aluminum]> <for [1] movement>"],
		"attackSound": "jetgun"
		
	// 轰炸机
	},
	{
		"name": "Great War Bomber",
		"unitType": "Bomber",
		"movement": 1,
		"strength": 55,
		"rangedStrength": 55,
		"range": 5,
		"cost": 620,
		"requiredTech": "Flight",
		"requiredResource": "Oil",
		"upgradesTo": "Bomber",
		"obsoleteTech": "Radar",
		"attackSound": "bombing"
	},
	{
		"name": "Bomber",
		"unitType": "Bomber",
		"movement": 1,
		"strength": 65,
		"rangedStrength": 65,
		"range": 7,
		"cost": 720,
		"requiredTech": "Radar",
		"requiredResource": "Oil",
		"uniques":["Costs [10] [Aluminum]", "[This Unit] heals [10] HP <costs [1] [Aluminum]> <for [1] movement>"]
		"upgradesTo": "Stealth Bomber",
		"attackSound": "bombing"
	},
	{
		"name": "B17",
		"unitType": "Bomber",
		"replaces": "Bomber",
		"uniqueTo": "America",
		"movement": 1,
		"strength": 65,
		"rangedStrength": 65,
		"range": 7,
		"cost": 720,
		"requiredTech": "Radar",
		"requiredResource": "Oil",
		"uniques":["Costs [10] [Aluminum]", "[This Unit] heals [10] HP <costs [1] [Aluminum]> <for [1] movement>"]
		"promotions": ["Pinpoint Bombing I", "Tactical Evasion I"],
		"upgradesTo": "Stealth Bomber",
		"attackSound": "bombing"	
	},
	{
		"name": "Stealth Bomber",
		"unitType": "Bomber",
		"movement": 2,
		"strength": 85,
		"rangedStrength": 85,
		"range": 15,
		"cost": 880,
		"requiredTech": "Stealth",
		"requiredResource": "Oil",
		"uniques": ["Costs [20] [Aluminum]", "Damage taken from interception reduced by [50]%", "Cannot be carried by [Water Carrier] units", "[+4] Sight", "Can see over obstacles", "[This Unit] heals [10] HP <costs [1] [Aluminum]> <for [1] movement>"],
		"attackSound": "bombing"
		
	// 核武器、导弹
	},
	{
		"name": "Atomic Bomb",
		"unitType": "Bomb",
		"movement": 1,
		"strength": 150,
		"rangedStrength": 150,
		"range": 5,
		"cost": 1300,
		"requiredTech": "Nuclear Fission",
		"uniques": ["Nuclear weapon of Strength [1]", "Only available <if [Manhattan Project] is constructed>", "Self-destructs when attacking", "Blast radius [2]", "Consumes [1] [Uranium]"],
		"attackSound": "nuke"
	},
	{
		"name": "Guided Missile",
		"unitType": "Missile",
		"movement": 1,
		"strength": 150,
		"rangedStrength": 150,
		"range": 12,
		"cost": 900,
		"requiredTech": "Advanced Ballistics"
		"uniques": ["Blast radius [0]", "Nuclear weapon of Strength [1]", "Self-destructs when attacking", "Cannot be intercepted"
		],
		"attackSound": "missile"
	},
	{
		"name": "Nuclear Missile",
		"unitType": "Missile",
		"movement": 1,
		"strength": 300,
		"rangedStrength": 300,
		"range": 10,
		"cost": 2200,
		"requiredTech": "Nuclear Fusion",
		"uniques": ["Nuclear weapon of Strength [2]", "Only available <if [Manhattan Project] is constructed>", "Blast radius [2]", "Consumes [2] [Uranium]", "Self-destructs when attacking", "Cannot be intercepted"
			],
		"attackSound": "nuke"
		
	// 宇宙飞船
	},
	{
		"name": "SS Booster",
		"unitType": "Civilian",
		"movement": 2,
		"cost": 2000,
		"requiredTech": "Advanced Ballistics",
		"uniques": ["Costs [30] [Aluminum]", "Spaceship part", "Cannot be purchased", "Only available <if [Apollo Program] is constructed>", "Uncapturable", "Can be added to [The Spaceship] in the Capital", "Limited to [3] per Civilization"]
	},
	{
		"name": "SS Cockpit",
		"unitType": "Civilian",
		"movement": 2,
		"cost": 2000,
		"requiredTech": "Satellites",
		"uniques": ["Costs [30] [Aluminum]", "Spaceship part", "Cannot be purchased", "Only available <if [Apollo Program] is constructed>", "Uncapturable", "Can be added to [The Spaceship] in the Capital", "Limited to [1] per Civilization"]
	},
	{
		"name": "SS Engine",
		"unitType": "Civilian",
		"movement": 2,
		"cost": 2000,
		"requiredTech": "Particle Physics",
		"uniques": ["Costs [30] [Aluminum]", "Spaceship part", "Cannot be purchased", "Only available <if [Apollo Program] is constructed>", "Uncapturable", "Can be added to [The Spaceship] in the Capital", "Limited to [1] per Civilization"]
	},
	{
		"name": "SS Stasis Chamber",
		"unitType": "Civilian",
		"movement": 2,
		"cost": 2000,
		"requiredTech": "Nanotechnology",
		"uniques": ["Costs [30] [Aluminum]", "Spaceship part", "Cannot be purchased", "Only available <if [Apollo Program] is constructed>", "Uncapturable", "Can be added to [The Spaceship] in the Capital", "Limited to [1] per Civilization"]
				
	// 伟人单位
	},
	{
		"name": "Great Artist",
		"unitType": "Civilian",
		"uniques": ["Empire enters a [10]-turn Golden Age <by consuming this unit>", "Can generate a large amount of culture", "Can instantly construct a [Landmark] improvement <by consuming this unit>", "Great Person - [Culture]", "Unbuildable", "Uncapturable","Is part of Great Person group [Culture]", "[This Unit] gains the [Blizzard Wind Ability] promotion <for [Finland] Civilizations>  <hidden from users>"],
		"movement": 2
	},
	{
		"name": "Rock Band",
		"unitType": "Civilian",
		"replaces": "Great Artist",
		"uniqueTo": "America",
		"uniques": ["Empire enters a [10]-turn Golden Age <by consuming this unit>", "Can generate a large amount of culture", "Great Person - [Culture]", "Can instantly construct a [Landmark] improvement <by consuming this unit>", "Unbuildable", "Uncapturable", "Is part of Great Person group [Culture]", "[This Unit] gains the [Start a Concert] promotion <upon ending a turn in a [Land] tile>", "May enter foreign tiles without open borders", "[This Unit] gains the [Blizzard Wind Ability] promotion <for [Finland] Civilizations>  <hidden from users>"],
		"movement": 2	
	},
	{
		"name": "Great Scientist",
		"unitType": "Civilian",
		"uniques": ["Can hurry technology research", "Can instantly construct a [Academy] improvement <by consuming this unit>", "Great Person - [Science]", "Unbuildable", "Uncapturable","Is part of Great Person group [Science]", "[This Unit] gains the [Blizzard Wind Ability] promotion <for [Finland] Civilizations>  <hidden from users>"],
		"movement": 2
	},
	{
		"name": "Great Merchant",
		"unitType": "Civilian",
		"uniques": ["Can undertake a trade mission with City-State, giving a large sum of gold and [60] Influence",
			"Can instantly construct a [Customs house] improvement <by consuming this unit>", "Great Person - [Gold]", "Unbuildable", "Uncapturable","Is part of Great Person group [Action]", "[This Unit] gains the [Blizzard Wind Ability] promotion <for [Finland] Civilizations>  <hidden from users>"],
		"movement": 2
	},
	{
		"name": "Great Engineer",
		"unitType": "Civilian",
		"uniques": ["Can speed up construction of a building", "Can instantly construct a [Manufactory] improvement <by consuming this unit>", "Great Person - [Production]", "Unbuildable", "Uncapturable","Is part of Great Person group [Technology]", "[This Unit] gains the [Blizzard Wind Ability] promotion <for [Finland] Civilizations>  <hidden from users>"],
		"movement": 2	
	},
	{
		"name": "Great Prophet",
		"unitType": "Civilian",
		"uniques": ["Can instantly construct a [Holy site] improvement <by consuming this unit> <if it hasn't used other actions yet>",
            "Can Spread Religion <for [2] movement> <[4] times> <after which this unit is consumed>",
			"Removes other religions when spreading religion",
            "May found a religion <by consuming this unit> <if it hasn't used other actions yet>",
            "May enhance a religion <by consuming this unit>  <if it hasn't used other actions yet>",
			"May enter foreign tiles without open borders", "[-1] Sight", "Great Person - [Faith]",
			"Unbuildable", "Religious Unit",
			"Takes your religion over the one in their birth city", "[This Unit] gains the [Blizzard Wind Ability] promotion <for [Finland] Civilizations>  <hidden from users>"],
		"movement": 2,
		"religiousStrength": 1000,
	},
	{
		"name": "Great General",
		"unitType": "Civilian",
		"uniques": ["Empire enters a [8]-turn Golden Age <by consuming this unit>", "[+15]% Strength bonus for [Land] units within [2] tiles", "Can instantly construct a [Citadel] improvement <by consuming this unit>", "Great Person - [War]", "All adjacent units heal [+10] HP when healing", "Unbuildable", "Uncapturable", "Can be earned through combat", "[This Unit] gains the [Blizzard Wind Ability] promotion <for [Finland] Civilizations>  <hidden from users>"],
		"movement": 2	
	},
	{
		"name": "Yun Ji Commander",
		"replaces": "Great General",
		"uniqueTo": "Yun Ji Court",
		"unitType": "Civilian",
		"uniques": ["Empire enters a [8]-turn Golden Age <by consuming this unit>", "[+15]% Strength bonus for [Land] units within [3] tiles", "Can build [Road] improvements on tiles", "Can build [Fort] improvements on tiles", "Can instantly construct a [Citadel] improvement <by consuming this unit>", "Great Person - [War]", "All adjacent units heal [+10] HP when healing", "Unbuildable", "Can be earned through combat", "Uncapturable", "[This Unit] gains the [Blizzard Wind Ability] promotion <for [Finland] Civilizations>  <hidden from users>"],
		"movement": 4,
	},
	{
		"name": "Staff",
		"replaces": "Great General",
		"uniqueTo": "Sweden",
		"unitType": "Civilian",
		"uniques": [
		"Transfer Movement to [Military]"
		"[+10]% Strength bonus for [Land] units within [0] tiles", 
		"[+5]% Strength bonus for [Land] units within [1] tiles", 
		"Unbuildable",
		"[-1] Movement <after adopting [Discipline]>"
		"Great Person - [War]", "All adjacent units heal [+10] HP when healing", "Can be earned through combat", "Uncapturable", "[This Unit] gains the [Blizzard Wind Ability] promotion <for [Finland] Civilizations>  <hidden from users>"],
		"movement": 3,
	},
	{
		"name": "Great Admiral",
		"unitType": "Civilian",
		"uniques": [
		"Empire enters a [10]-turn Golden Age <by consuming this unit>", 
		"[+15]% Strength bonus for [Water] units within [3] tiles", 
		"Great Person - [Great Admiral]", 
		"Turn this tile into a [Coast] tile <[3] times> <in [Land] tiles> <in tiles adjacent to [Coast] tiles> <for [2] movement> <in [Your] cities> <for [Human player] Civilizations>", 
		"Can undertake a trade mission with City-State, giving a large sum of gold and [15] Influence", 
		"[+1] Sight <when [Embarked]>",
		"Double movement in [Coast]"
		"Uncapturable",
		"Unbuildable",
		"Is part of Great Person group [Military]",
		"[This Unit] gains the [Blizzard Wind Ability] promotion <for [Finland] Civilizations>  <hidden from users>"
		],
		"movement": 2
	
	// 特殊伟人
	
	// 古典-特殊大先知
	},
	{
		"name": "Confucius",
		"unitType": "Civilian",
		"uniques": [
		    "Free Social Policy <by consuming this unit> <for [non-[Chile]] Civilizations>",
		    "[1] free [Great Artist] units appear <by consuming this unit> <for [Chile] Civilizations>"
		    "Religious Unit",
			"Unbuildable", "Uncapturable",
			"[This Unit] gains the [Blizzard Wind Ability] promotion <for [Finland] Civilizations>  <hidden from users>"
			],
		"movement": 2,
	},
	{
		"name": "Gautama Siddhartha",
		"unitType": "Civilian",
		"uniques": [
			"Gain a free [Pantheon] belief <by consuming this unit>",
			"Religious Unit",
			"Unbuildable", "Uncapturable",
			"[This Unit] gains the [Blizzard Wind Ability] promotion <for [Finland] Civilizations>  <hidden from users>"
			],
		"movement": 2,
	},
	{
		"name": "Jesus",
		"unitType": "Civilian",
		"uniques": [
		    "Can instantly construct a [Holy site] improvement <by consuming this unit>",
		    "Religious Unit",
            "Can Spread Religion <for [2] movement> <[6] times>",
			"Removes other religions when spreading religion",
			"May enter foreign tiles without open borders",
			"Unbuildable", "Uncapturable", "Religious Unit",
			"[This Unit] gains the [Blizzard Wind Ability] promotion <for [Finland] Civilizations>  <hidden from users>"
			],
		"movement": 2,
		"religiousStrength": 1000
	},
	{
		"name": "Muhammad",
		"unitType": "Civilian",
		"uniques": [
		    "Religious Unit",
		    "[+20]% Strength bonus for [Land] units within [1] tiles", 
		    "Can Spread Religion <for [2] movement> <[4] times>",
			"Unbuildable", "Uncapturable",
			"[This Unit] gains the [Blizzard Wind Ability] promotion <for [Finland] Civilizations>  <hidden from users>"
			],
		"movement": 2,
		"religiousStrength": 1000
	},
	{
		"name": "Zoroaster",
		"unitType": "Civilian",
		"uniques": [
		    "Religious Unit",
		    "Gain enough Faith for [115]% of a Great Prophet <by consuming this unit>",
			"Unbuildable", "Uncapturable",
			"[This Unit] gains the [Blizzard Wind Ability] promotion <for [Finland] Civilizations>  <hidden from users>"
			],
		"movement": 2,
		
	// 特殊大军
	// 古典-特殊大军
	},
	{
		"name": "Sun Tzu",
		"unitType": "Civilian",
		"uniques": [
		"[+15]% Strength bonus for [Land] units within [2] tiles", 
		 "All adjacent units heal [+10] HP when healing", 
		"Triggers a [Sun Tzu's Art of War - Military Conflict] event <by consuming this unit> <during the [Classical era]>",
	    "Unbuildable", "Uncapturable",
		"Great General",
		"[This Unit] gains the [Blizzard Wind Ability] promotion <for [Finland] Civilizations>  <hidden from users>"
		],
		"movement": 2
	},
	{
		"name": "Gnaeus Pompeius Magnus",
		"unitType": "Civilian",
		"uniques": [
		"[+15]% Strength bonus for [Land] units within [2] tiles", 
		"All adjacent units heal [+10] HP when healing",
		"[2] free [Swordsman] units appear <by consuming this unit> <during the [Classical era]>",
		"[2] free [Catapult] units appear <by consuming this unit> <during the [Classical era]>",
	    "Unbuildable", "Uncapturable",
		"Great General",
		"[This Unit] gains the [Blizzard Wind Ability] promotion <for [Finland] Civilizations>  <hidden from users>"
		],
		"movement": 2
	},
	{
		"name": "Spartacus",
		"unitType": "Civilian",	
		"uniques": [
		"[+15]% Strength bonus for [Land] units within [2] tiles", 
		"All adjacent units heal [+10] HP when healing",
		"[Foot Soldier] units gain the [[Spartacus] ability] promotion <by consuming this unit> <during the [Classical era]>",
	    "Unbuildable", "Uncapturable",
		"Great General",
		"[This Unit] gains the [Blizzard Wind Ability] promotion <for [Finland] Civilizations>  <hidden from users>"
		],
		"movement": 2
	},
	{
		"name": "Bai Qi",
		"unitType": "Civilian",	
		"uniques": [
		"[+15]% Strength bonus for [Land] units within [2] tiles", 
		"All adjacent units heal [+10] HP when healing",
		"[Melee] units gain the [[Bai Qi] ability] promotion <by consuming this unit> <during the [Classical era]>",
	    "Unbuildable", "Uncapturable",
		"Great General",
		"[This Unit] gains the [Blizzard Wind Ability] promotion <for [Finland] Civilizations>  <hidden from users>"
		],
		"movement": 2
	},
	{
		"name": "Themistocles",
		"unitType": "Civilian",
		"uniques": [
		"[+15]% Strength bonus for [Water] units within [3] tiles",
		"[+50]% Strength bonus for [Water] units within [0] tiles <during the [Classical era]>",
		"[+1] Sight <when [Embarked]>",
		"Double movement in [Coast]",
	    "Unbuildable", "Uncapturable",
		"Great Admiral",
		"[This Unit] gains the [Blizzard Wind Ability] promotion <for [Finland] Civilizations>  <hidden from users>"
		],
		"movement": 2
	
	// 中古-特殊大军
	},
	{
		"name": "Belisarius",
		"unitType": "Civilian",
		"uniques": [
		"[+15]% Strength bonus for [Land] units within [2] tiles", 
		"All adjacent units heal [+10] HP when healing",
		"[-15]% Strength for enemy [Land] units in adjacent [Land] tiles <during the [Medieval era]>",
	    "Unbuildable", "Uncapturable",
		"Great General",
		"[This Unit] gains the [Blizzard Wind Ability] promotion <for [Finland] Civilizations>  <hidden from users>"
		],
		"movement": 2
	},
	{
		"name": "Han Xin",
		"unitType": "Civilian",
		"uniques": [
		"[+15]% Strength bonus for [Land] units within [2] tiles <starting from the [Renaissance era]>",
		"[+15]% Strength bonus for [Land] units within [4] tiles <during the [Medieval era]>", 
		"All adjacent units heal [+10] HP when healing",
		"[+2] Movement <during the [Medieval era]>",
		"[+2] Sight <during the [Medieval era]>",
	    "Unbuildable", "Uncapturable",
		"Great General",
		"[This Unit] gains the [Blizzard Wind Ability] promotion <for [Finland] Civilizations>  <hidden from users>"
		],
		"movement": 2,
	},
	{
		"name": "Xiang Yu",
		"unitType": "Civilian",
		"uniques": [
		"[+15]% Strength bonus for [Land] units within [2] tiles",
		"All adjacent units heal [+10] HP when healing",
		"[+30]% Strength bonus for [Melee] units within [0] tiles <during the [Medieval era]>", 
	    "Unbuildable", "Uncapturable",
		"Great General",
		"[This Unit] gains the [Blizzard Wind Ability] promotion <for [Finland] Civilizations>  <hidden from users>"
		],
		"movement": 2,
	},
	{
		"name": "Li Jing",
		"unitType": "Civilian",
		"uniques": [
		"[+15]% Strength bonus for [Land] units within [2] tiles",
		"All adjacent units heal [+10] HP when healing",
		"[Medieval era] units gain the [[Li Jing] ability] promotion <by consuming this unit> <during the [Medieval era]>",
	    "Unbuildable", "Uncapturable",
		"Great General",
		"[This Unit] gains the [Blizzard Wind Ability] promotion <for [Finland] Civilizations>  <hidden from users>"
		],
		"movement": 2,
	},
	{
		"name": "Subedei",
		"unitType": "Civilian",
		"uniques": [
		"[+15]% Strength bonus for [Land] units within [2] tiles",
		"All adjacent units heal [+10] HP when healing",
		"[Medieval era] units gain the [[Subedei] ability] promotion <by consuming this unit> <during the [Medieval era]>",
	    "Unbuildable", "Uncapturable",
		"Great General",
		"[This Unit] gains the [Blizzard Wind Ability] promotion <for [Finland] Civilizations>  <hidden from users>"
		],
		"movement": 2,
	},
	{
		"name": "Timur",
		"unitType": "Civilian",
		"uniques": [
		"[+15]% Strength bonus for [Land] units within [2] tiles",
		"All adjacent units heal [+10] HP when healing",
		"[Mobile] units gain the [[Timur] ability] promotion <by consuming this unit> <during the [Medieval era]>",
	    "Unbuildable", "Uncapturable",
		"Great General",
		"[This Unit] gains the [Blizzard Wind Ability] promotion <for [Finland] Civilizations>  <hidden from users>"
		],
		"movement": 2,
	},
	{
		"name": "Jeanne",
		"unitType": "Civilian",
		"uniques": [
		"[+15]% Strength bonus for [Land] units within [2] tiles",
		"All adjacent units heal [+25] HP when healing <during the [Medieval era]>",
		"All adjacent units heal [+10] HP when healing <starting from the [Renaissance era]>",
	    "Unbuildable", "Uncapturable",
		"Great General",
		"[This Unit] gains the [Blizzard Wind Ability] promotion <for [Finland] Civilizations>  <hidden from users>"
		],
		"movement": 2,
	},
	{
		"name": "Khalid ibn al-Walid",
		"unitType": "Civilian",
		"uniques": [
		"[+15]% Strength bonus for [Land] units within [2] tiles",
		"All adjacent units heal [+10] HP when healing",
		"[Melee] units gain the [[Khalid ibn al-Walid] ability] promotion <by consuming this unit> <during the [Medieval era]>",
	    "Unbuildable", "Uncapturable",
		"Great General",
		"[This Unit] gains the [Blizzard Wind Ability] promotion <for [Finland] Civilizations>  <hidden from users>"
		],
		"movement": 2,
    },
	{
		"name": "Bayezid I",
		"unitType": "Civilian",
		"uniques": [
		"[+15]% Strength bonus for [Land] units within [2] tiles",
		"All adjacent units heal [+10] HP when healing",
		"[Ranged] units gain the [[Bayezid I] ability] promotion <by consuming this unit> <during the [Medieval era]>",
	    "Unbuildable", "Uncapturable",
		"Great General",
		"[This Unit] gains the [Blizzard Wind Ability] promotion <for [Finland] Civilizations>  <hidden from users>"
		],
		"movement": 2,
	},
	{
		"name": "Mgar-Blon-Khri-Vbring-Btsan-Brod",
		"unitType": "Civilian",
		"uniques": [
		"[+15]% Strength bonus for [Land] units within [2] tiles",
		"All adjacent units heal [+10] HP when healing",
		"[Military] units gain the [[Mgar-Blon-Khri-Vbring-Btsan-Brod] ability] promotion <by consuming this unit> <during the [Medieval era]>",
	    "Unbuildable", "Uncapturable",
		"Great General",
		"[This Unit] gains the [Blizzard Wind Ability] promotion <for [Finland] Civilizations>  <hidden from users>"
		],
		"movement": 2,
	},
	{
		"name": "Narses",
		"unitType": "Civilian",
		"uniques": [
		"[+15]% Strength bonus for [Land] units within [2] tiles",
		"All adjacent units heal [+10] HP when healing",
		"[Military] units gain the [[Narses] ability] promotion <by consuming this unit> <during the [Medieval era]>",
	    "Unbuildable", "Uncapturable",
		"Great General",
		"[This Unit] gains the [Blizzard Wind Ability] promotion <for [Finland] Civilizations>  <hidden from users>"
		],
		"movement": 2,
	},
	{
		"name": "William Marshal",
		"unitType": "Civilian",
		"uniques": [
		"[+15]% Strength bonus for [Land] units within [2] tiles",
		"All adjacent units heal [+10] HP when healing",
		"[Mobile] units gain the [[William Marshal] ability] promotion <by consuming this unit> <during the [Medieval era]>",
	    "Unbuildable", "Uncapturable",
		"Great General",
		"[This Unit] gains the [Blizzard Wind Ability] promotion <for [Finland] Civilizations>  <hidden from users>"
		],
		"movement": 2,
	
		

	// 复兴-特殊大军
	},
	{
		"name": "Lee Sunshin",
		"unitType": "Civilian",
		"uniques": [
		"[+33]% Strength bonus for [Water] units within [3] tiles",
		"[+1] Sight <when [Embarked]>",
		"Double movement in [Coast]",
		"Unbuildable", "Uncapturable",
		"Limited to [1] per Civilization"
		],
		"movement": 2
	
	// 电气-特殊大军
	},
	{
		"name": "Henri Philippe Pétain",
		"unitType": "Civilian",
		"uniques": [
		"[+15]% Strength bonus for [Land] units within [2] tiles", 
		"Can instantly construct a [Citadel] improvement <for [2] movement> <[1] times>", 
		"Can instantly construct a [Fort] improvement <for [2] movement> <[3] times>",
	    "Unbuildable", "Uncapturable",
		"Comment [Special-Great General]"
		],
		"movement": 2	
		
	// 宗教单位
    },
    {
		"name": "Missionary",
		"unitType": "Civilian",
		"uniques": ["Can Spread Religion <for [4] movement> <[2] times> <after which this unit is consumed>",
            "May enter foreign tiles without open borders, but loses [250] religious strength each turn it ends there",
			"Can be purchased with [Faith] [in all cities in which the majority religion is a major religion]",
			"[-1] Sight", "Unbuildable", "Religious Unit"],
		"movement": 4,
		"religiousStrength": 1000
	},
	{
		"name": "Inquisitor",
		"unitType": "Civilian",
		"uniques": ["Prevents spreading of religion to the city it is next to",
			"Can remove other religions from cities <in [Friendly] tiles> <once> <after which this unit is consumed>",
            "Can be purchased with [Faith] [in all cities in which the majority religion is a major religion]",
			"[+1] Sight", "Unbuildable", "Religious Unit"
		],
		"movement": 3
	}
]
