[
    {
        "name": "Civilian",
        "movementType": "Land"
        "uniques": [
        "Unit will heal every turn, even if it performs an action <for [Cuba] Civilizations> <hidden from users>",
        "Ignores Zone of Control <for [Poland] Civilizations> <hidden from users>", "May enter foreign tiles without open borders <for [Poland] Civilizations> <hidden from users>"
        "[This Unit] heals [33] HP <upon ending a turn in a [Mountain] tile> <for [Tubo] Civilizations> <hidden from users>"
        
        "[-1] Sight <when [Chess-like Battle Mode] Victory is enabled>",
        ]
    },
    {
        "name": "Civilian Water",
        "movementType": "Water"
        "uniques": [
        "Unit will heal every turn, even if it performs an action <for [Cuba] Civilizations> <hidden from users>",
        "Ignores Zone of Control <for [Poland] Civilizations> <hidden from users>", "May enter foreign tiles without open borders <for [Poland] Civilizations> <hidden from users>"
        
        "[-1] Sight <when [Chess-like Battle Mode] Victory is enabled>",
        ]
    },
    {
        "name": "Reconnaissance",
        "movementType": "Land"
        "uniques":[
        "May attack when embarked",
        "Unit will heal every turn, even if it performs an action <for [Cuba] Civilizations> <hidden from users>",
        "Instantly provides [1] [Warfare Aversion Level] <upon being defeated>"
        "Instantly consumes [1] [Warfare Aversion Level] <upon defeating a [Major] unit> <when above [0] [Warfare Aversion Level]>",
        "Instantly consumes [1] [Warfare Aversion Level] <upon defeating a [Major] unit> <when above [0] [Warfare Aversion Level]> <for [Macedonia] Civilizations> <hidden from users>",
        "Instantly provides [2] [Feat] <upon defeating a [Major] unit>",
        "Instantly provides [1] [Feat] <upon defeating a [Barbarian] unit> <after adopting [Military Reclamation System]> <hidden from users>",
        
        "Invisible to non-adjacent units<in [Forest] tiles> <for [Major] Civilizations>",
        "Invisible to non-adjacent units<in [Jungle] tiles> <for [Major] Civilizations>",
        "Cannot attack <in [Marsh] tiles>",
        
        "Ignores Zone of Control <for [Poland] Civilizations> <hidden from users>", "May enter foreign tiles without open borders <for [Poland] Civilizations> <hidden from users>", 
         
        "[This Unit] heals [15] HP <upon ending a turn in a [Vegetation] tile> <for [Celts] Civilizations> <hidden from users>",
        "[This Unit] gains [2] XP <upon ending a turn in a [Land] tile> <for [Zulu] Civilizations> <in [Your] cities> <hidden from users>", 
        "[This Unit] heals [33] HP <upon ending a turn in a [Mountain] tile> <for [Tubo] Civilizations> <hidden from users>",
        "Double movement in [Forest] <for [Vietnam] Civilizations> <hidden from users>",
        "Double movement in [Jungle] <for [Vietnam] Civilizations> <hidden from users>",
        "Gain control over [all] tiles in a [0]-tile radius <upon turn end> <when [Chess-like Battle Mode] Victory is enabled> <in tiles adjacent to [your] tiles>",
        "May enter foreign tiles without open borders <when [Chess-like Battle Mode] Victory is enabled>",
        
        "[-1] Sight <when [Chess-like Battle Mode] Victory is enabled>",
        ]    
    },
    {
        "name": "Foot Soldier",
        "movementType": "Land"
        "uniques":[
        "May attack when embarked",
        "Unit will heal every turn, even if it performs an action <for [Cuba] Civilizations> <hidden from users>",
        "Instantly provides [1] [Warfare Aversion Level] <upon being defeated>"
        "Instantly consumes [1] [Warfare Aversion Level] <upon defeating a [Major] unit> <when above [0] [Warfare Aversion Level]>"
        "Instantly consumes [1] [Warfare Aversion Level] <upon defeating a [Major] unit> <when above [0] [Warfare Aversion Level]> <for [Macedonia] Civilizations> <hidden from users>",  
        "Instantly provides [2] [Feat] <upon defeating a [Major] unit>",
        "Instantly provides [1] [Feat] <upon defeating a [Barbarian] unit> <after adopting [Military Reclamation System]> <hidden from users>",
        
        "Invisible to non-adjacent units<in [Forest] tiles> <for [Major] Civilizations>",
        "Invisible to non-adjacent units<in [Jungle] tiles> <for [Major] Civilizations>",
        "Cannot attack <in [Marsh] tiles>",
        "Ignores Zone of Control <for [Poland] Civilizations> <hidden from users>", "May enter foreign tiles without open borders <for [Poland] Civilizations> <hidden from users>", 
        "[This Unit] gains [2] XP <upon ending a turn in a [Land] tile> <for [Zulu] Civilizations> <in [Your] cities> <hidden from users>", 
         
        "[This Unit] heals [15] HP <upon ending a turn in a [Vegetation] tile> <for [Celts] Civilizations> <hidden from users>",
        "[This Unit] heals [33] HP <upon ending a turn in a [Mountain] tile> <for [Tubo] Civilizations> <hidden from users>",
        "Double movement in [Forest] <for [Vietnam] Civilizations> <hidden from users>",
        "Double movement in [Jungle] <for [Vietnam] Civilizations> <hidden from users>",
        "Gain control over [all] tiles in a [0]-tile radius <upon turn end> <when [Chess-like Battle Mode] Victory is enabled> <in tiles adjacent to [your] tiles>",
        "May enter foreign tiles without open borders <when [Chess-like Battle Mode] Victory is enabled>",
        
        "[-1] Sight <when [Chess-like Battle Mode] Victory is enabled>",
        ]
    },
    {
        "name": "Shooter",
        "movementType": "Land"
        "uniques":[
        "May attack when embarked",
        "Unit will heal every turn, even if it performs an action <for [Cuba] Civilizations> <hidden from users>",
        "Instantly provides [1] [Warfare Aversion Level] <upon being defeated>"
        "Instantly consumes [1] [Warfare Aversion Level] <upon defeating a [Major] unit> <when above [0] [Warfare Aversion Level]>",
        "Instantly consumes [1] [Warfare Aversion Level] <upon defeating a [Major] unit> <when above [0] [Warfare Aversion Level]> <for [Macedonia] Civilizations> <hidden from users>",  
        "Instantly provides [2] [Feat] <upon defeating a [Major] unit>",
        "Instantly provides [1] [Feat] <upon defeating a [Barbarian] unit> <after adopting [Military Reclamation System]> <hidden from users>",
        
        "Invisible to non-adjacent units<in [Forest] tiles> <for [Major] Civilizations>",
        "Invisible to non-adjacent units<in [Jungle] tiles> <for [Major] Civilizations>",
        "Cannot attack <in [Marsh] tiles>",
        "Gain [35] [Gold] <upon being defeated> <for [Scythian] Civilizations> <hidden from users>",
        "Ignores Zone of Control <for [Poland] Civilizations> <hidden from users>",
        "May enter foreign tiles without open borders <for [Poland] Civilizations> <hidden from users>", 
         
        "[This Unit] heals [15] HP <upon ending a turn in a [Vegetation] tile> <for [Celts] Civilizations> <hidden from users>",
        "[-15]% Strength for enemy [Military] units in adjacent [All] tiles <for [Celts] Civilizations> <if [Civilized Leader-Boudicca] is constructed> <hidden from users>",
        "[This Unit] gains [2] XP <upon ending a turn in a [Land] tile> <for [Zulu] Civilizations> <in [Your] cities> <hidden from users>", 
        "[This Unit] heals [33] HP <upon ending a turn in a [Mountain] tile> <for [Tubo] Civilizations> <hidden from users>",
        "Double movement in [Forest] <for [Vietnam] Civilizations> <hidden from users>",
        "Double movement in [Jungle] <for [Vietnam] Civilizations> <hidden from users>",
        "Gain control over [all] tiles in a [0]-tile radius <upon turn end> <when [Chess-like Battle Mode] Victory is enabled> <in tiles adjacent to [your] tiles>",
        "May enter foreign tiles without open borders <when [Chess-like Battle Mode] Victory is enabled>",
        
        "[-1] Sight <when [Chess-like Battle Mode] Victory is enabled>",
        ]    
    },
    {
        "name": "Mobile",
        "movementType": "Land"
        "uniques":[
        "May attack when embarked",
        "Unit will heal every turn, even if it performs an action <for [Cuba] Civilizations> <hidden from users>",
        "Instantly provides [1] [Warfare Aversion Level] <upon being defeated>"
        "Instantly consumes [1] [Warfare Aversion Level] <upon defeating a [Major] unit> <when above [0] [Warfare Aversion Level]>",
        "Instantly consumes [1] [Warfare Aversion Level] <upon defeating a [Major] unit> <when above [0] [Warfare Aversion Level]> <for [Macedonia] Civilizations> <hidden from users>",  
        "Instantly provides [2] [Feat] <upon defeating a [Major] unit>",
        "Instantly provides [1] [Feat] <upon defeating a [Barbarian] unit> <after adopting [Military Reclamation System]> <hidden from users>",
        
        "Invisible to non-adjacent units<in [Forest] tiles> <for [Major] Civilizations>",
        "Invisible to non-adjacent units<in [Jungle] tiles> <for [Major] Civilizations>",
        "Cannot attack <in [Marsh] tiles>",
        "[This Unit] heals [5] HP <upon ending a turn in a [Grassland] tile> <for [Scythian] Civilizations> <hidden from users>", "[This Unit] gains [1] XP <upon ending a turn in a [Grassland] tile> <for [Scythian] Civilizations> <hidden from users>",
        
        "Ignores Zone of Control <for [Poland] Civilizations> <hidden from users>",
        "May enter foreign tiles without open borders <for [Poland] Civilizations> <hidden from users>", 
         
        "[This Unit] heals [15] HP <upon ending a turn in a [Vegetation] tile> <for [Celts] Civilizations> <hidden from users>",
        "[This Unit] gains [2] XP <upon ending a turn in a [Land] tile> <for [Zulu] Civilizations> <in [Your] cities> <hidden from users>", 
        "[This Unit] heals [33] HP <upon ending a turn in a [Mountain] tile> <for [Tubo] Civilizations> <hidden from users>",
        "Double movement in [Forest] <for [Vietnam] Civilizations> <hidden from users>",
        "Double movement in [Jungle] <for [Vietnam] Civilizations> <hidden from users>",
        "Gain control over [all] tiles in a [0]-tile radius <upon turn end> <when [Chess-like Battle Mode] Victory is enabled> <in tiles adjacent to [your] tiles>",
        "May enter foreign tiles without open borders <when [Chess-like Battle Mode] Victory is enabled>",
        
        "[-1] Sight <when [Chess-like Battle Mode] Victory is enabled>", 
        ]    
    },
    {
        "name": "Anti-Mobile",
        "movementType": "Land"
        "uniques":[
        "May attack when embarked",
        "Unit will heal every turn, even if it performs an action <for [Cuba] Civilizations> <hidden from users>",
        "Instantly provides [1] [Warfare Aversion Level] <upon being defeated>",
        "Instantly consumes [1] [Warfare Aversion Level] <upon defeating a [Major] unit> <when above [0] [Warfare Aversion Level]>",
        "Instantly consumes [1] [Warfare Aversion Level] <upon defeating a [Major] unit> <when above [0] [Warfare Aversion Level]> <for [Macedonia] Civilizations> <hidden from users>",
        "Instantly provides [2] [Feat] <upon defeating a [Major] unit>",
        "Instantly provides [1] [Feat] <upon defeating a [Barbarian] unit> <after adopting [Military Reclamation System]> <hidden from users>",
        "Invisible to non-adjacent units<in [Forest] tiles> <for [Major] Civilizations>",
        "Invisible to non-adjacent units<in [Jungle] tiles> <for [Major] Civilizations>",
        "Cannot attack <in [Marsh] tiles>",
        
        "Ignores Zone of Control <for [Poland] Civilizations> <hidden from users>",
        "May enter foreign tiles without open borders <for [Poland] Civilizations> <hidden from users>", 
         
        "[This Unit] heals [15] HP <upon ending a turn in a [Vegetation] tile> <for [Celts] Civilizations> <hidden from users>",
        "[This Unit] gains [2] XP <upon ending a turn in a [Land] tile> <for [Zulu] Civilizations> <in [Your] cities> <hidden from users>",
        "[This Unit] heals [33] HP <upon ending a turn in a [Mountain] tile> <for [Tubo] Civilizations> <hidden from users>",
        "Double movement in [Forest] <for [Vietnam] Civilizations> <hidden from users>",
        "Double movement in [Jungle] <for [Vietnam] Civilizations> <hidden from users>",
        "Gain control over [all] tiles in a [0]-tile radius <upon turn end> <when [Chess-like Battle Mode] Victory is enabled> <in tiles adjacent to [your] tiles>",
        "May enter foreign tiles without open borders <when [Chess-like Battle Mode] Victory is enabled>",
        
        "[-1] Sight <when [Chess-like Battle Mode] Victory is enabled>", 
        ]    
    },
    {
        "name": "Anti-Air",
        "movementType": "Land"
        "uniques":[
        "May attack when embarked",
        "Unit will heal every turn, even if it performs an action <for [Cuba] Civilizations> <hidden from users>",
        "Instantly provides [1] [Warfare Aversion Level] <upon being defeated>"
        "Instantly consumes [1] [Warfare Aversion Level] <upon defeating a [Major] unit> <when above [0] [Warfare Aversion Level]>",
        "Instantly consumes [1] [Warfare Aversion Level] <upon defeating a [Major] unit> <when above [0] [Warfare Aversion Level]> <for [Macedonia] Civilizations> <hidden from users>", 
        "Instantly provides [2] [Feat] <upon defeating a [Major] unit>",
        "Instantly provides [1] [Feat] <upon defeating a [Barbarian] unit> <after adopting [Military Reclamation System]> <hidden from users>",
        "Invisible to non-adjacent units<in [Forest] tiles> <for [Major] Civilizations>",
        "Invisible to non-adjacent units<in [Jungle] tiles> <for [Major] Civilizations>",
        "Cannot attack <in [Marsh] tiles>",
        "Ignores Zone of Control <for [Poland] Civilizations> <hidden from users>",
        "May enter foreign tiles without open borders <for [Poland] Civilizations> <hidden from users>", 
         
        "[This Unit] heals [15] HP <upon ending a turn in a [Vegetation] tile> <for [Celts] Civilizations> <hidden from users>",
        "[This Unit] gains [2] XP <upon ending a turn in a [Land] tile> <for [Zulu] Civilizations> <in [Your] cities> <hidden from users>", 
        "[This Unit] heals [33] HP <upon ending a turn in a [Mountain] tile> <for [Tubo] Civilizations> <hidden from users>",
        "Double movement in [Forest] <for [Vietnam] Civilizations> <hidden from users>",
        "Double movement in [Jungle] <for [Vietnam] Civilizations> <hidden from users>",
        "Gain control over [all] tiles in a [0]-tile radius <upon turn end> <when [Chess-like Battle Mode] Victory is enabled> <in tiles adjacent to [your] tiles>",
        "May enter foreign tiles without open borders <when [Chess-like Battle Mode] Victory is enabled>",
        
        "[-1] Sight <when [Chess-like Battle Mode] Victory is enabled>", 
        ]        
    },
    {
        "name": "Helicopter",
        "movementType": "Land",    
        "uniques":[
        "May attack when embarked",
        "Unit will heal every turn, even if it performs an action <for [Cuba] Civilizations> <hidden from users>",
        "Instantly provides [1] [Warfare Aversion Level] <upon being defeated>",
        "Instantly consumes [1] [Warfare Aversion Level] <upon defeating a [Major] unit> <when above [0] [Warfare Aversion Level]>",
        "Instantly consumes [1] [Warfare Aversion Level] <upon defeating a [Major] unit> <when above [0] [Warfare Aversion Level]> <for [Macedonia] Civilizations> <hidden from users>",   
        "Instantly provides [2] [Feat] <upon defeating a [Major] unit>",
        "Instantly provides [1] [Feat] <upon defeating a [Barbarian] unit> <after adopting [Military Reclamation System]> <hidden from users>",
        "Ignores Zone of Control <for [Poland] Civilizations> <hidden from users>",
        "May enter foreign tiles without open borders <for [Poland] Civilizations> <hidden from users>",       
        "[This Unit] heals [15] HP <upon ending a turn in a [Vegetation] tile> <for [Celts] Civilizations> <hidden from users>",
        "[This Unit] gains [2] XP <upon ending a turn in a [Land] tile> <for [Zulu] Civilizations> <in [Your] cities> <hidden from users>", 
        "[This Unit] heals [33] HP <upon ending a turn in a [Mountain] tile> <for [Tubo] Civilizations> <hidden from users>",
        "Double movement in [Forest] <for [Vietnam] Civilizations> <hidden from users>",
        "Double movement in [Jungle] <for [Vietnam] Civilizations> <hidden from users>",
        "Gain control over [all] tiles in a [0]-tile radius <upon turn end> <when [Chess-like Battle Mode] Victory is enabled> <in tiles adjacent to [your] tiles>",
        "May enter foreign tiles without open borders <when [Chess-like Battle Mode] Victory is enabled>",
        
        "[-1] Sight <when [Chess-like Battle Mode] Victory is enabled>", 
        ]                
    },
    {
        "name": "Siege",
        "movementType": "Land"
        "uniques":[
        "May attack when embarked",
        "Unit will heal every turn, even if it performs an action <for [Cuba] Civilizations> <hidden from users>",
        "Instantly provides [1] [Warfare Aversion Level] <upon being defeated>",
        "Instantly consumes [1] [Warfare Aversion Level] <upon defeating a [Major] unit> <when above [0] [Warfare Aversion Level]>",
        "Instantly provides [2] [Feat] <upon defeating a [Major] unit>",
        "Instantly provides [1] [Feat] <upon defeating a [Barbarian] unit> <after adopting [Military Reclamation System]> <hidden from users>",
        "Invisible to non-adjacent units<in [Forest] tiles> <for [Major] Civilizations>",
        "Invisible to non-adjacent units<in [Jungle] tiles> <for [Major] Civilizations>",
        "Cannot attack <in [Marsh] tiles>",
        
        "Ignores Zone of Control <for [Poland] Civilizations> <hidden from users>",
        "May enter foreign tiles without open borders <for [Poland] Civilizations> <hidden from users>", 
         
        "[This Unit] heals [15] HP <upon ending a turn in a [Vegetation] tile> <for [Celts] Civilizations> <hidden from users>",
        "[This Unit] gains [2] XP <upon ending a turn in a [Land] tile> <for [Zulu] Civilizations> <in [Your] cities> <hidden from users>", 
        "[This Unit] heals [33] HP <upon ending a turn in a [Mountain] tile> <for [Tubo] Civilizations> <hidden from users>",
        "Double movement in [Forest] <for [Vietnam] Civilizations> <hidden from users>",
        "Double movement in [Jungle] <for [Vietnam] Civilizations> <hidden from users>",
        "Gain control over [all] tiles in a [0]-tile radius <upon turn end> <when [Chess-like Battle Mode] Victory is enabled> <in tiles adjacent to [your] tiles>",
        "May enter foreign tiles without open borders <when [Chess-like Battle Mode] Victory is enabled>",
        
        "[-1] Sight <when [Chess-like Battle Mode] Victory is enabled>",  
        ]    
    },
    {
        "name": "Melee Water",
        "movementType": "Water"
        "uniques":[
        "Unit will heal every turn, even if it performs an action <for [Cuba] Civilizations> <hidden from users>",
        "Instantly provides [1] [Warfare Aversion Level] <upon being defeated>",
        "Instantly consumes [1] [Warfare Aversion Level] <upon defeating a [Major] unit> <when above [0] [Warfare Aversion Level]>",
        "Instantly consumes [1] [Warfare Aversion Level] <upon defeating a [Major] unit> <when above [0] [Warfare Aversion Level]> <for [Macedonia] Civilizations> <hidden from users>",   
        "Instantly provides [2] [Feat] <upon defeating a [Major] unit>",
        "Instantly provides [1] [Feat] <upon defeating a [Barbarian] unit> <after adopting [Military Reclamation System]> <hidden from users>",
        "Ignores Zone of Control <for [Poland] Civilizations> <hidden from users>",
        "May enter foreign tiles without open borders <for [Poland] Civilizations> <hidden from users>",
        "Gain control over [all] tiles in a [0]-tile radius <upon turn end> <when [Chess-like Battle Mode] Victory is enabled> <in tiles adjacent to [your] tiles>",
        "May enter foreign tiles without open borders <when [Chess-like Battle Mode] Victory is enabled>",
        
        "[-1] Sight <when [Chess-like Battle Mode] Victory is enabled>",  
        ]                
    },
    {
        "name": "Ranged Water",
        "movementType": "Water"
        "uniques":[
        "Unit will heal every turn, even if it performs an action <for [Cuba] Civilizations> <hidden from users>",
        "Instantly provides [1] [Warfare Aversion Level] <upon being defeated>",
        "Instantly consumes [1] [Warfare Aversion Level] <upon defeating a [Major] unit> <when above [0] [Warfare Aversion Level]>",
        "Instantly provides [2] [Feat] <upon defeating a [Major] unit>",
        "Instantly provides [1] [Feat] <upon defeating a [Barbarian] unit> <after adopting [Military Reclamation System]> <hidden from users>",
        "Instantly consumes [1] [Warfare Aversion Level] <upon defeating a [Major] unit> <when above [0] [Warfare Aversion Level]> <for [Macedonia] Civilizations> <hidden from users>",  
        
        "Ignores Zone of Control <for [Poland] Civilizations> <hidden from users>",
        "May enter foreign tiles without open borders <for [Poland] Civilizations> <hidden from users>", 
        "Gain control over [all] tiles in a [0]-tile radius <upon turn end> <when [Chess-like Battle Mode] Victory is enabled> <in tiles adjacent to [your] tiles>",
        "May enter foreign tiles without open borders <when [Chess-like Battle Mode] Victory is enabled>",
        
        "[-1] Sight <when [Chess-like Battle Mode] Victory is enabled>",
        ]                
    },
    {
        "name": "Submarine",
        "movementType": "Water",
        "uniques":[
        "Unit will heal every turn, even if it performs an action <for [Cuba] Civilizations> <hidden from users>",
        "Instantly provides [1] [Warfare Aversion Level] <upon being defeated>",
        "Instantly consumes [1] [Warfare Aversion Level] <upon defeating a [Major] unit> <when above [0] [Warfare Aversion Level]>",
        "Instantly provides [2] [Feat] <upon defeating a [Major] unit>",
        "Instantly provides [1] [Feat] <upon defeating a [Barbarian] unit> <after adopting [Military Reclamation System]> <hidden from users>",
        "Instantly consumes [1] [Warfare Aversion Level] <upon defeating a [Major] unit> <when above [0] [Warfare Aversion Level]> <for [Macedonia] Civilizations> <hidden from users>",
        
        "Ignores Zone of Control <for [Poland] Civilizations> <hidden from users>",
        "May enter foreign tiles without open borders <for [Poland] Civilizations> <hidden from users>",        
        "Gain control over [all] tiles in a [0]-tile radius <upon turn end> <when [Chess-like Battle Mode] Victory is enabled> <in tiles adjacent to [your] tiles>",
        "May enter foreign tiles without open borders <when [Chess-like Battle Mode] Victory is enabled>",
        
        "[-1] Sight <when [Chess-like Battle Mode] Victory is enabled>",
        ]                
    },
    {
        "name": "Water Carrier",
        "movementType": "Water"
        "uniques":[
        "Unit will heal every turn, even if it performs an action <for [Cuba] Civilizations> <hidden from users>",
        "Instantly provides [1] [Warfare Aversion Level] <upon being defeated>",
        "Instantly provides [2] [Feat] <upon defeating a [Major] unit>",
        "Instantly provides [1] [Feat] <upon defeating a [Barbarian] unit> <after adopting [Military Reclamation System]> <hidden from users>",
        "Ignores Zone of Control <for [Poland] Civilizations> <hidden from users>",
        "May enter foreign tiles without open borders <for [Poland] Civilizations> <hidden from users>", 
        "Gain control over [all] tiles in a [0]-tile radius <upon turn end> <when [Chess-like Battle Mode] Victory is enabled> <in tiles adjacent to [your] tiles>",
        "May enter foreign tiles without open borders <when [Chess-like Battle Mode] Victory is enabled>",
        
        "[-1] Sight <when [Chess-like Battle Mode] Victory is enabled>",       
        ]                
    },
    {
        "name": "Fighter",
        "movementType": "Air"
        "uniques": [
        "Unit will heal every turn, even if it performs an action <for [Cuba] Civilizations> <hidden from users>",
        "Instantly provides [1] [Warfare Aversion Level] <upon being defeated>"
        "Instantly consumes [1] [Warfare Aversion Level] <upon defeating a [Major] unit> <when above [0] [Warfare Aversion Level]>"
        "Instantly consumes [1] [Warfare Aversion Level] <upon defeating a [Major] unit> <when above [0] [Warfare Aversion Level]> <for [Macedonia] Civilizations> <hidden from users>",
        "Instantly provides [2] [Feat] <upon defeating a [Major] unit>",
        "Instantly provides [1] [Feat] <upon defeating a [Barbarian] unit> <after adopting [Military Reclamation System]> <hidden from users>",
        "Ignores Zone of Control <for [Poland] Civilizations> <hidden from users>",
        "May enter foreign tiles without open borders <for [Poland] Civilizations> <hidden from users>",
        "Aircraft"]
    },
    {
        "name": "Bomber",
        "movementType": "Air"   
        "uniques": [
        "Unit will heal every turn, even if it performs an action <for [Cuba] Civilizations> <hidden from users>",
        "Instantly provides [1] [Warfare Aversion Level] <upon being defeated>",
        "Instantly consumes [1] [Warfare Aversion Level] <upon defeating a [Major] unit> <when above [0] [Warfare Aversion Level]>",
        "Instantly consumes [1] [Warfare Aversion Level] <upon defeating a [Major] unit> <when above [0] [Warfare Aversion Level]> <for [Macedonia] Civilizations> <hidden from users>",
        "Instantly provides [2] [Feat] <upon defeating a [Major] unit>",
        "Instantly provides [1] [Feat] <upon defeating a [Barbarian] unit> <after adopting [Military Reclamation System]> <hidden from users>",
        "Ignores Zone of Control <for [Poland] Civilizations> <hidden from users>",
        "May enter foreign tiles without open borders <for [Poland] Civilizations> <hidden from users>",
        "Aircraft"]   
    },
    {
        "name": "Bomb",
        "movementType": "Air",
        "uniques": [
        "Unit will heal every turn, even if it performs an action <for [Cuba] Civilizations> <hidden from users>",
        "Instantly provides [1] [Warfare Aversion Level] <upon being defeated>",
        "Instantly consumes [1] [Warfare Aversion Level] <upon defeating a [Major] unit> <when above [0] [Warfare Aversion Level]>",
        "Instantly consumes [1] [Warfare Aversion Level] <upon defeating a [Major] unit> <when above [0] [Warfare Aversion Level]> <for [Macedonia] Civilizations> <hidden from users>",
        "Instantly provides [2] [Feat] <upon defeating a [Major] unit>",
        "Instantly provides [1] [Feat] <upon defeating a [Barbarian] unit> <after adopting [Military Reclamation System]> <hidden from users>",
        "Ignores Zone of Control <for [Poland] Civilizations> <hidden from users>",
        "May enter foreign tiles without open borders <for [Poland] Civilizations> <hidden from users>",
        "Flybomb"]
    },
    {
        "name": "Missile",
        "movementType": "Air",
        "uniques": [
        "Unit will heal every turn, even if it performs an action <for [Cuba] Civilizations> <hidden from users>",
        "Instantly provides [1] [Warfare Aversion Level] <upon being defeated>",
        "Instantly consumes [1] [Warfare Aversion Level] <upon defeating a [Major] unit> <when above [0] [Warfare Aversion Level]>",
        "Instantly consumes [1] [Warfare Aversion Level] <upon defeating a [Major] unit> <when above [0] [Warfare Aversion Level]> <for [Macedonia] Civilizations> <hidden from users>",
        "Instantly provides [2] [Feat] <upon defeating a [Major] unit>",
        "Instantly provides [1] [Feat] <upon defeating a [Barbarian] unit> <after adopting [Military Reclamation System]> <hidden from users>",
        "Ignores Zone of Control <for [Poland] Civilizations> <hidden from users>",
        "May enter foreign tiles without open borders <for [Poland] Civilizations> <hidden from users>",    
        "Flybomb"]
        
    //判断类型
    },
    {
        "name": "Melee",
        "movementType": "Land",
    },
    {
        "name": "Ranged",
        "movementType": "Land"
    },
    {
        "name": "Armor",
        "movementType": "Land"
    },
    {
        "name": "WaterCivilian",
        "movementType": "Water"
    },
    {
        "name": "WaterMelee",
        "movementType": "Water"
    },
    {
        "name": "WaterRanged",
        "movementType": "Water"
    },
    {
        "name": "WaterSubmarine",
        "movementType": "Water"
    },
    {
        "name": "WaterAircraftCarrier",
        "movementType": "Water"
    },
    {
        "name": "AtomicBomber",
        "movementType": "Air"
    }
]