[
    {
        "name": "Scientific",
        "victoryScreenHeader": "Complete all the spaceship parts\nto win!",
        "milestones": [
            "Build [Apollo Program]", "Add all [spaceship parts] in capital"
        ],
        "requiredSpaceshipParts": [
            "SS Engine", "SS Stasis Chamber", "SS Cockpit", "SS Booster", "SS Booster", "SS Booster"
        ],
        "victoryString": "You have achieved victory through mastery of Science! You have conquered the mysteries of nature and led your people on a voyage to a brave new world! Your triumph will be remembered as long as the stars burn in the night sky!",
        "defeatString": "You have been defeated. Your civilization has been overwhelmed by its many foes. But your people do not despair, for they know that one day you shall return - and lead them forward to victory!"
    },
    {
        "name": "Cultural",
        "victoryScreenHeader": "Complete 8 policy branches and\nbuild the Utopia Project to win!",
        "milestones": ["Complete [8] Policy branches", "Build [Utopia Project]"],
        "victoryString": "You have achieved victory through the awesome power of your Culture. Your civilization's greatness - the magnificence of its monuments and the power of its artists - have astounded the world! Poets will honor you as long as beauty brings gladness to a weary heart.",
        "defeatString": "You have been defeated. Your civilization has been overwhelmed by its many foes. But your people do not despair, for they know that one day you shall return - and lead them forward to victory!"    
    },
    {
        "name": "Conquer",
        "hiddenInVictoryScreen": false,
        "victoryScreenHeader": "Capture all capitals\nto win!",
        "milestones": ["Capture all capitals"],
        "victoryString": "The world has been convulsed by war. Many great and powerful civilizations have fallen, but you have survived - and emerged victorious! The world will long remember your glorious triumph!",
        "defeatString": "You have been defeated. Your civilization has been overwhelmed by its many foes. But your people do not despair, for they know that one day you shall return - and lead them forward to victory!"
    },
    {
        "name": "Domination",
        "victoryScreenHeader": "Destroy all enemies\nto win!",
        "milestones": ["Destroy all players"],
        "victoryString": "The world has been convulsed by war. Many great and powerful civilizations have fallen, but you have survived - and emerged victorious! The world will long remember your glorious triumph!",
        "defeatString": "You have been defeated. Your civilization has been overwhelmed by its many foes. But your people do not despair, for they know that one day you shall return - and lead them forward to victory!"
    },
    {
        "name": "Diplomatic",
        "victoryScreenHeader": "Gain 20 [Diplomatic Point] and build the Peace Summit to win!",
        "milestones": ["Build [Peace Summit]"],
        "victoryString": "You have triumphed over your foes through the art of diplomacy! Your cunning and wisdom have earned you great friends - and divided and sown confusion among your enemies! Forever will you be remembered as the leader who brought peace to this weary world!",
        "defeatString": "You have been defeated. Your civilization has been overwhelmed by its many foes. But your people do not despair, for they know that one day you shall return - and lead them forward to victory!"   
    }
    {
        "name": "Religion",
        "hiddenInVictoryScreen": false,
        "victoryScreenHeader": "Become the world religion and build the Grand Temple\nto win!",
        "milestones": ["Build [Grand Temple]","Become the world religion"],
        "victoryString": "You have achieved victory by becoming the only faith in the world! Believing in something stronger is a fundamental human demand, and now, everyone will pray for you. Your words and actions represent everything, and those false beliefs have been forgotten and extinguished in your glory.",
        "defeatString": "You have been defeated. Your civilization has been overwhelmed by its many foes. But your people do not despair, for they know that one day you shall return - and lead them forward to victory!"
    },
    {
        "name": "Time",
        "hiddenInVictoryScreen": true,
        "milestones": ["Have highest score after max turns"],
        "victoryString": "The world has been convulsed by war. Many great and powerful civilizations have fallen, but you have survived - and emerged victorious! The world will long remember your glorious triumph!",
        "defeatString": "You have been defeated. Your civilization has been overwhelmed by its many foes. But your people do not despair, for they know that one day you shall return - and lead them forward to victory!"
    },
    {
        "name": "Chess-like Battle Mode",
        "victoryScreenHeader": "Destroy all enemies\nto win!",
        "milestones": ["Destroy all players", "Capture all capitals"],
        "victoryString": "The world has been convulsed by war. Many great and powerful civilizations have fallen, but you have survived - and emerged victorious! The world will long remember your glorious triumph!",
        "defeatString": "You have been defeated. Your civilization has been overwhelmed by its many foes. But your people do not despair, for they know that one day you shall return - and lead them forward to victory!"
    }
]
